"session","created","modified","ended","expired","time16","induction","heatingeff","carbon","oftencook","utility","time17","yearOfBirth","gender","genderOther","race","raceOther","education","income","zipcode","feedback","time18","completionCode","time19"
"","2023-11-19 02:11:32","2023-11-19 02:11:58","2023-11-19 02:11:59","","2023-11-19 02:11:44","Yes","Concerned","Concerned","often","electricity, gas","2023-11-19 02:11:55","2000","transFemale","","white","","vocational","inc_50to100","","","2023-11-19 02:11:58","281035",""
"_aAvdW6nLYYn4xWoX8SzSXysxZHcAdc9IZJGYM6H4ojZI2nJAHz4oE9qeZhndUdC","2023-11-19 02:23:23","2023-11-19 02:23:46","","","2023-11-19 02:23:34","Yes","Neutral","Neutral","sometimes","electricity, gas, not_aware","2023-11-19 02:23:46","1988","prefer_not_say","","prefer_not_say","","college_some","inc_50to100","","","","742646",""
"","2023-11-19 12:33:07","","","","","","","","","","","","","","","","","","","","","",""
"jEXLJ0vHah-LUKgeKscEFOroLOXMi9AhAV1hyLjAew2Bee6WcYg_7Jj11HKJ7z_q","2023-11-19 15:20:44","2023-11-19 15:21:45","2023-11-19 15:21:45","","2023-11-19 15:21:07","Yes","Neutral","Neutral","often","electricity","2023-11-19 15:21:41","1996","male","","asian","","degree_grad","inc_above100","20171","","2023-11-19 15:21:45","838605",""
"91-CGzYAMdNBcK4R3w9SNUkPc4YJkfFZ85vOOeIjTxJ_mtSG8sGlWiXbacCw6IC_","2023-11-19 15:26:53","2023-11-19 15:27:43","2023-11-19 15:27:44","","2023-11-19 15:27:10","Yes","Concerned","Concerned","often","gas","2023-11-19 15:27:41","1984","female","","asian","","degree_bs","under10","47130","","2023-11-19 15:27:44","988436",""
"1W_rwVP2J9G9wnaWYG0fNWXyh-SGp_jGvAFE_xAb91twNnUkJ3-522Bqtc4hRp1Y","2023-11-19 15:41:52","2023-11-19 15:42:35","2023-11-19 15:42:35","","2023-11-19 15:42:06","Yes","Concerned","Concerned","often","electricity","2023-11-19 15:42:32","1991","male","","white","","degree_grad","inc_20to50","12345","","2023-11-19 15:42:35","371769",""
"OXRbkrxDPuUA-Y6t4YegNJbVsFNHxNYrU38yD4alvSp-kSClP_XdYkix0Yy5hnZy","2023-11-19 15:45:22","2023-11-19 15:45:58","","","2023-11-19 15:45:34","Yes","Neutral","Neutral","often","electricity, gas","2023-11-19 15:45:55","1989","male","","asian","","degree_bs","inc_20to50","19103","","","240533",""
"ondoswj4KYdRFllfaWR9lYvVIeLW2vr8_aqYwKV0jctP2xkfLnnOwYteIVQL6WPg","2023-11-19 16:14:39","2023-11-19 16:15:39","2023-11-19 16:15:40","","2023-11-19 16:14:57","Yes","Neutral","Neutral","sometimes","electricity","2023-11-19 16:15:37","1993","female","","white, hispanic","","degree_bs","inc_20to50","28372","","2023-11-19 16:15:40","769533",""
"hVaDdP7-mXaWKmrF_U8yPNCzKtLsoJkqrbv0Mg0KLOd5eEVj_g4hdbu09pvvty5s","2023-11-19 20:51:31","2023-11-19 20:52:06","2023-11-19 20:52:07","","2023-11-19 20:51:43","Yes","Concerned","Concerned","often","gas","2023-11-19 20:52:04","1986","male","","hispanic","","degree_bs","inc_20to50","23457","","2023-11-19 20:52:06","952510",""
"","2023-11-20 01:38:09","","","","","","","","","","","","","","","","","","","","","",""
"","2023-11-20 01:39:09","","","","","","","","","","","","","","","","","","","","","",""
"","2023-11-20 05:17:34","2023-11-20 05:17:50","","","2023-11-20 05:17:34","Yes","Concerned","Concerned","often","electricity, gas","2023-11-20 05:17:42","2002","transMale","","hispanic","","hs","inc_50to100","","","2023-11-20 05:17:50","918158",""
"joW4ueLlSTVr7dyRWChgoWrCiV72RrIJEFi2ZcXu_uWpero5xSt9eMiCCxL9w4ap","2023-11-20 05:20:04","2023-11-20 05:20:34","2023-11-20 05:20:34","","2023-11-20 05:20:04","No","Neutral","Neutral","sometimes","not_aware","2023-11-20 05:20:14","1991","male","","asian","","degree_grad","inc_50to100","20052","","2023-11-20 05:20:31","928078","2023-11-20 05:20:34"
"LuNDFgrK7X6Q6bfPjPKlWrBA6nKvcEFg-PQfzZumJFjo8BF3sGcfroX8wc76Z8Dg","2023-11-20 05:20:11","2023-11-20 05:20:47","2023-11-20 05:20:47","","2023-11-20 05:20:12","Yes","Neutral","Neutral","sometimes","gas","2023-11-20 05:20:28","1996","male","","native","","hs","inc_20to50","20171","","2023-11-20 05:20:44","352782","2023-11-20 05:20:47"
"3oc_o8sK1Z_sXc6UWG_JsCOj7B7cN0JUEhM2WVd0rlvPyE30KlzzxVx24_y1JeEX","2023-11-20 05:20:47","2023-11-20 05:21:47","2023-11-20 05:21:47","","2023-11-20 05:20:47","No","Neutral","Not_Bothered","never","gas","2023-11-20 05:20:54","2001","transMale","","asian, hispanic","","prefer_not_say","inc_50to100","","","2023-11-20 05:21:08","905685","2023-11-20 05:21:47"
"5Bc5ESMVWGrIuavWS4qxJVeYqEFRT6eyTGpY11SuFvw4_sK6jXAHCdlidOoyxAwB","2023-11-23 22:20:37","2023-11-23 22:26:32","2023-11-23 22:26:33","","2023-11-23 22:20:37","Yes","Concerned","Neutral","sometimes","electricity","2023-11-23 22:24:05","1995","female","","black","","degree_bs","inc_50to100","77067","Thank you","2023-11-23 22:26:26","565864","2023-11-23 22:26:33"
"egYoFXhPbF7dI73AXyyspD1EYXH1qjCqcFlJ9ufZ3DuO5t8HUkipjhy3_sq0FVL4","2023-11-23 22:34:31","2023-11-23 22:36:32","2023-11-23 22:36:32","","2023-11-23 22:34:31","not_aware","Not_Bothered","Neutral","sometimes","electricity","2023-11-23 22:35:04","1966","female","","white","","vocational","inc_above100","33556","","2023-11-23 22:36:00","261612","2023-11-23 22:36:32"
"8IBjX-6fjUST74JhP0QUYuKL1XZKFelnbf3VaStuQDn6djEIRKC-Un-LgJbtYdQu","2023-11-23 22:40:02","2023-11-23 22:41:05","2023-11-23 22:41:05","","2023-11-23 22:40:02","Yes","Not_Bothered","Not_Bothered","often","electricity","2023-11-23 22:40:29","1981","male","","white","","college_some","inc_above100","90210","","2023-11-23 22:40:59","288656","2023-11-23 22:41:05"
"zRUqVlVYSp_4LIXtJMaPspDcwI00k2ZPWD-J8L6WgVyshop1u8Kqdb-3delYlaLw","2023-11-23 22:50:13","2023-11-23 22:51:41","2023-11-23 22:51:41","","2023-11-23 22:50:13","Yes","Neutral","Not_Bothered","sometimes","electricity, gas","2023-11-23 22:50:44","1969","male","","white","","hs","inc_10to20","76360","","2023-11-23 22:51:32","302410","2023-11-23 22:51:41"
"0v5m7_Nli4NxYxPerctYoQ1CIJ13Wlt6rh5EysxIvtrsU37ATsnm8ZVlIsVLg9Ah","2023-11-23 22:51:28","2023-11-23 22:53:37","2023-11-23 22:53:37","","2023-11-23 22:51:29","No","Not_Bothered","Neutral","sometimes","gas","2023-11-23 22:52:24","1988","genderNonconform","","white","","degree_bs","inc_20to50","14445","","2023-11-23 22:53:31","443535","2023-11-23 22:53:37"
"BFA2tGEnXkoiI9xCkwbnaY3C6T15YzOaZb_FKuXNZWwrAHDeMWjoR1NX03gJSQlH","2023-11-23 23:02:05","2023-11-23 23:03:25","","","2023-11-23 23:02:05","not_aware","Not_Bothered","Concerned","sometimes","electricity, gas","2023-11-23 23:02:38","1977","female","","white","","degree_bs","inc_above100","83687","","2023-11-23 23:03:25","752299",""
"uornKlcBXY7QiybYIVHtdwoE5y6AnJp7tGQEK9M2hJ7kL7befjv4zKJWVNCwwaPu","2023-11-23 23:02:14","2023-11-23 23:03:30","2023-11-23 23:03:30","","2023-11-23 23:02:14","No","Not_Bothered","Not_Bothered","often","electricity, gas","2023-11-23 23:02:44","1982","female","","asian","","hs","inc_20to50","30215","Thank you for the survey","2023-11-23 23:03:19","541468","2023-11-23 23:03:30"
"T4efo-u3sSIH2ba8q5Oj0NUPuJVDvRKA7qiPymcoCzfGedxtcOppg5Pmhft_qlBS","2023-11-23 23:06:33","2023-11-23 23:07:40","2023-11-23 23:07:40","","2023-11-23 23:06:33","Yes","Not_Bothered","Neutral","often","electricity, gas","2023-11-23 23:06:52","1995","male","","white, native","","college_some","under10","12078","","2023-11-23 23:07:27","999086","2023-11-23 23:07:40"
"-wk77spQbyxTpIpzgjcw02hzx6JERDb7kE04kgk0MXQ9xLuWVii3VdX_k1fC4zYl","2023-11-23 23:07:36","2023-11-23 23:09:47","2023-11-23 23:09:47","","2023-11-23 23:07:36","No","Not_Bothered","Not_Bothered","often","electricity, gas","2023-11-23 23:07:59","1973","male","","white","","degree_grad","inc_above100","38104","","2023-11-23 23:09:17","312695","2023-11-23 23:09:47"
"6qEc-D2OefZZEx45ia9MjH8QYrbfwyxziy3CVi-ElxuF6JKROZQGX7_QQ1eZ0CVB","2023-11-23 23:09:29","2023-11-23 23:10:44","2023-11-23 23:10:44","","2023-11-23 23:09:29","Yes","Neutral","Neutral","often","electricity","2023-11-23 23:09:44","1989","female","","black","","degree_bs","inc_20to50","37042","","2023-11-23 23:10:14","651967","2023-11-23 23:10:44"
"2t_OB9kX63yYdsqTM1XTghR1zBGvlGfngQVJ6SNZNQr8OuGAon0H1kwTO7omFcKZ","2023-11-23 23:12:56","2023-11-23 23:14:01","2023-11-23 23:14:01","","2023-11-23 23:12:57","No","Not_Bothered","Not_Bothered","sometimes","electricity","2023-11-23 23:13:25","1992","male","","asian","","college_some","inc_20to50","77042","","2023-11-23 23:13:56","427148","2023-11-23 23:14:01"
"6oyts3NsSjW3deRi7gHAjIC2-QrbX-o_PtpLvcBjwLkI55ZqeCkrnEK1WKKPBX8H","2023-11-23 23:13:47","2023-11-23 23:14:41","2023-11-23 23:14:41","","2023-11-23 23:13:48","No","Not_Bothered","Concerned","often","electricity, gas","2023-11-23 23:14:10","1981","female","","white","","degree_grad","inc_above100","20105","","2023-11-23 23:14:36","163976","2023-11-23 23:14:41"
"Cd1QhViQ7S7iVQni4Jg_h-01i-Nr-4v-pl5MNmOZydTs4CTpVt-ksaXMTDx8Esi5","2023-11-23 23:25:00","2023-11-23 23:26:31","2023-11-23 23:26:32","","2023-11-23 23:25:00","No","Not_Bothered","Not_Bothered","sometimes","electricity","2023-11-23 23:25:47","1981","female","","hispanic","","degree_associate","inc_20to50","78521","","2023-11-23 23:26:19","304437","2023-11-23 23:26:31"
"dyD7t3lZBkUj7asJ8ecQykhJ180ztcvfly0dK4dytQ_uFTdoCrf-Ahod3bkxZERt","2023-11-23 23:25:56","2023-11-23 23:26:45","2023-11-23 23:26:46","","2023-11-23 23:25:56","not_aware","Concerned","Not_Bothered","sometimes","electricity, gas","2023-11-23 23:26:15","1976","female","","white","","college_some","inc_20to50","43920","","2023-11-23 23:26:37","480323","2023-11-23 23:26:45"
"AtPGBmFB1N5quK_bdPS9-aFrXI4lTXIkGbMwfSgpx4tqVWAX-AOYZGdTI4axc5P7","2023-11-23 23:27:04","2023-11-23 23:28:07","2023-11-23 23:28:07","","2023-11-23 23:27:04","No","Neutral","Concerned","often","electricity","2023-11-23 23:27:32","1996","male","","hispanic","","hs","inc_20to50","30427","","2023-11-23 23:28:01","655122","2023-11-23 23:28:07"
"2_ZV7M-n6hOH4pmzkVY87xmIqsPQm8QJrQW9zEYRX4Hr822KVHQU2KqoWACGK4nx","2023-11-23 23:33:52","2023-11-23 23:34:53","2023-11-23 23:34:54","","2023-11-23 23:33:52","No","Concerned","Neutral","sometimes","electricity","2023-11-23 23:34:16","1983","female","Hawaii","asian","","degree_grad","inc_above100","96822","","2023-11-23 23:34:42","333728","2023-11-23 23:34:53"
"xc1-hghb24AANaXWyT7zGchod7v9U6l4NZf-siKTZ5W2p9FLvDdFceBETHTMB-Em","2023-11-23 23:34:47","2023-11-23 23:35:56","2023-11-23 23:35:56","","2023-11-23 23:34:48","No","Not_Bothered","Not_Bothered","often","gas","2023-11-23 23:35:16","1993","female","","white","","degree_associate","inc_50to100","49509","","2023-11-23 23:35:49","115244","2023-11-23 23:35:56"
"MpnpenHkIIRFRu1SL1_lQnKq8McQCRsmlKudvJNt6h5mfJGc0DPPPlseSP73x9yX","2023-11-23 23:34:57","2023-11-23 23:36:03","2023-11-23 23:36:03","","2023-11-23 23:34:57","No","Neutral","Concerned","often","electricity","2023-11-23 23:35:16","1957","female","","white","","degree_associate","inc_50to100","76207","","2023-11-23 23:35:56","575209","2023-11-23 23:36:03"
"6cevItOOPwdWws5w_rpsSx7I3XFZ7lwho2lUIgqP-8MSPn28g40WNPTKcDIk2pBY","2023-11-23 23:35:46","2023-11-23 23:37:38","2023-11-23 23:37:38","","2023-11-23 23:35:46","Yes","Concerned","Not_Bothered","often","electricity, gas","2023-11-23 23:36:35","1978","female","","white","","degree_bs","inc_20to50","67204","","2023-11-23 23:37:27","742364","2023-11-23 23:37:38"
"H65c4YMBSM_S2UZjCS0OsDRCqRo-rSdO6L9CYBcwd7dvXAsMvH1cXNB5jJX57ykS","2023-11-23 23:35:53","2023-11-23 23:37:58","2023-11-23 23:37:58","","2023-11-23 23:35:53","Yes","Neutral","Neutral","sometimes","electricity, gas","2023-11-23 23:36:56","1959","female","","white","","degree_bs","inc_10to20","44144","","2023-11-23 23:37:47","433576","2023-11-23 23:37:58"
"N29A9ozV0PsoO9UxlKXNr-ttEmN1rIRtdu5hPwFu-JL_BiU-dALvFSKYmJpJT5Ty","2023-11-23 23:36:31","2023-11-23 23:37:34","2023-11-23 23:37:34","","2023-11-23 23:36:31","Yes","Neutral","Neutral","often","electricity, gas","2023-11-23 23:36:58","1970","female","","white","","degree_bs","inc_20to50","24019","","2023-11-23 23:37:27","229874","2023-11-23 23:37:34"
"9_DoUMaYestGMSz8rIWZnWvBG6BpzkIstbOI-GX0CEsr3Z7SFz604S4GZqZJ333l","2023-11-23 23:37:07","2023-11-23 23:38:33","2023-11-23 23:38:33","","2023-11-23 23:37:07","Yes","Concerned","Not_Bothered","sometimes","electricity, gas","2023-11-23 23:37:37","1957","female","","white","","degree_bs","inc_50to100","28562","","2023-11-23 23:38:26","490261","2023-11-23 23:38:33"
"P-d1FDGupmm-mb-0bLfdroLZcdeC6AtZNKMYb9OXlXNbp1cRNHAP1GYKY2IF8kld","2023-11-23 23:38:19","2023-11-23 23:40:47","2023-11-23 23:40:47","","2023-11-23 23:38:19","No","Concerned","Not_Bothered","often","electricity","2023-11-23 23:38:45","1971","male","","black, hispanic","","vocational","inc_20to50","33015","","2023-11-23 23:40:09","213147","2023-11-23 23:40:47"
"EViZmq2Ec9DJL4BUIpXjSqyGUWlTeob9KxEoc_vufZNvKSW3XIGvmaUyJAP3L9T1","2023-11-23 23:40:21","2023-11-23 23:41:48","2023-11-23 23:41:48","","2023-11-23 23:40:21","Yes","Concerned","Not_Bothered","sometimes","electricity","2023-11-23 23:40:49","1963","male","","white","","degree_grad","inc_above100","76020","","2023-11-23 23:41:40","377033","2023-11-23 23:41:48"
"nzKGjQfk93UQ3yDgY4f4mhl7z6wnzXTHE2SpG2b4trTBo1-JQ2cjLl8RAQhSdkpM","2023-11-23 23:40:49","2023-11-23 23:41:46","2023-11-23 23:41:46","","2023-11-23 23:40:49","No","Not_Bothered","Not_Bothered","often","electricity, gas","2023-11-23 23:41:10","1972","female","","white","","degree_grad","inc_50to100","08068","","2023-11-23 23:41:40","522760","2023-11-23 23:41:46"
"2oxALOcTXSG6BwWc5rnKP09FkzMm9jhIdhuLNXeE0esGoMKqjr9cqQBpLfrvqi_-","2023-11-23 23:41:26","2023-11-23 23:42:22","2023-11-23 23:42:23","","2023-11-23 23:41:26","No","Not_Bothered","Neutral","sometimes","electricity","2023-11-23 23:41:47","1987","female","","white","","degree_associate","under10","44314","","2023-11-23 23:42:15","737667","2023-11-23 23:42:23"
"kmUA2fDkC3-Iw3e_JZvm90NcBvAtY0JUJVORoSG-_FLChN9PIYMEQvDKDn05GSze","2023-11-23 23:43:15","2023-11-23 23:44:25","2023-11-23 23:44:25","","2023-11-23 23:43:15","Yes","Not_Bothered","Concerned","often","electricity, gas","2023-11-23 23:43:42","1988","male","","white","","degree_grad","inc_above100","80014","","2023-11-23 23:44:19","331574","2023-11-23 23:44:25"
"18pXkHNfUHI03f7NE5uF9MGCcW9PFfKIHocJw5_awR3QL1rxTHx5PlIGCRmNelQP","2023-11-23 23:43:22","2023-11-23 23:44:40","2023-11-23 23:44:41","","2023-11-23 23:43:22","No","Concerned","Neutral","often","electricity","2023-11-23 23:43:43","1978","female","texas","white","","degree_associate","inc_20to50","75462","","2023-11-23 23:44:07","767110","2023-11-23 23:44:41"
"ssYH_i0uvY3If_8eux8wA-71lBYxCvBMjcM4PLGMZIMfESZu-IWyIaggLXQQHjRs","2023-11-23 23:44:05","2023-11-23 23:44:41","","","2023-11-23 23:44:05","No","Neutral","Neutral","sometimes","electricity","2023-11-23 23:44:20","1992","female","","white","","degree_bs","under10","98252","","2023-11-23 23:44:41","578171",""
"0qrJUTiBoScKwdZEViLbxqVt-y1dohY40BdzdBN5qifDLgkmfXc8KmDJChBcddnQ","2023-11-23 23:46:11","2023-11-23 23:47:55","2023-11-23 23:47:55","","2023-11-23 23:46:11","No","Not_Bothered","Neutral","often","gas","2023-11-23 23:46:56","1993","female","","hispanic","","degree_bs","inc_above100","92870","","2023-11-23 23:47:48","736228","2023-11-23 23:47:55"
"Dc1yDMIVahfJCJrp_Z7elG740WOVBpn1ShtjeiYNnOuVrmI8Wta-oAdOS6DrS4_H","2023-11-23 23:46:15","2023-11-23 23:47:56","","","2023-11-23 23:46:15","Yes","Concerned","Concerned","often","electricity, gas","2023-11-23 23:46:46","1989","male","","white","","degree_bs","inc_50to100","18078","","2023-11-23 23:47:56","954561",""
"4rqXdFI9iedKthbPFeYqd8XBC9JUQq4I9yg55yAJAiDLwZoRFzeyYrNpb7Jwde61","2023-11-23 23:46:23","2023-11-23 23:48:01","2023-11-23 23:48:01","","2023-11-23 23:46:24","No","Neutral","Neutral","often","electricity","2023-11-23 23:46:45","1976","female","","hispanic","","college_some","inc_20to50","78582","Wow Iâ€™ve never heard of induction burners hmm sounds interesting ","2023-11-23 23:47:54","162921","2023-11-23 23:48:01"
"GsF3T8jG6xS8kc7Zc24w2D__BQTocVyh8jJh10UCYSI6FHnW1ztPte2CQSYGNHXX","2023-11-23 23:49:05","2023-11-23 23:50:04","2023-11-23 23:50:04","","2023-11-23 23:49:05","not_aware","Not_Bothered","Not_Bothered","often","electricity","2023-11-23 23:49:29","1971","female","","white","","degree_bs","inc_above100","49684","","2023-11-23 23:49:57","635613","2023-11-23 23:50:04"
"K2CoCn_AA1-v3Tf5Su1sYmuMf6677iCfBMCU-CEteKt5ypiAMD4WdhYm6MI8Ua-7","2023-11-23 23:49:51","2023-11-23 23:51:03","2023-11-23 23:51:03","","2023-11-23 23:49:51","Yes","Neutral","Concerned","often","electricity, gas","2023-11-23 23:50:14","1954","male","","white","","degree_bs","inc_above100","95758","","2023-11-23 23:50:54","187933","2023-11-23 23:51:03"
"kqktMDvH71iEGclMPjvaSi65rUjZMefblu5HKwLAT14GTQvMQIR3QYkbfjwFsNgS","2023-11-23 23:50:52","2023-11-23 23:51:56","2023-11-23 23:51:56","","2023-11-23 23:50:52","No","Not_Bothered","Concerned","often","gas","2023-11-23 23:51:22","1977","male","","hispanic","","degree_grad","inc_above100","77539","","2023-11-23 23:51:50","770037","2023-11-23 23:51:56"
"b3Kn9766dl-bkfu0i7FDTpUCV3RD1f7AeK0pFBm2Ya53vBjOgh2iVa5c3vgDHD5N","2023-11-23 23:51:12","2023-11-23 23:53:27","2023-11-23 23:53:27","","2023-11-23 23:51:12","No","Not_Bothered","Not_Bothered","often","electricity, gas","2023-11-23 23:52:47","1980","female","","white","","college_some","inc_50to100","31088","","2023-11-23 23:53:21","542646","2023-11-23 23:53:27"
"zBr-zNqxLiNMFc-4uHFFLrSrFeBJsb2LsN7TlaRvmkMqzRrfubq8-DtuPJN0Z9nL","2023-11-23 23:51:31","2023-11-23 23:52:59","2023-11-23 23:52:59","","2023-11-23 23:51:32","No","Not_Bothered","Concerned","sometimes","electricity, gas","2023-11-23 23:51:57","1982","female","","white","","degree_associate","inc_50to100","49684","","2023-11-23 23:52:52","763402","2023-11-23 23:52:59"
"2LcSI9o4LCrGUd81uUnYhYbWeQ73wedbB8Dbp-VZZNfToNW9trJUcYQeI-M0dF1h","2023-11-23 23:52:50","2023-11-23 23:53:47","2023-11-23 23:53:47","","2023-11-23 23:52:50","No","Neutral","Neutral","often","electricity, gas","2023-11-23 23:53:16","1973","female","","white","","degree_associate","inc_above100","98077","","2023-11-23 23:53:41","453570","2023-11-23 23:53:47"
"0F3AsEPm8wLRb8moKMFGZdjZDHBYgDZKhRIbv6dDEiAe1DrUj77XeQDHRE0dnA-8","2023-11-23 23:54:36","2023-11-23 23:55:36","2023-11-23 23:55:36","","2023-11-23 23:54:36","Yes","Concerned","Neutral","often","electricity, gas","2023-11-23 23:54:59","1969","male","","white","","degree_grad","inc_above100","55448","","2023-11-23 23:55:29","685197","2023-11-23 23:55:36"
"PwdzPwcjQMC8mryk2G367w6IrCXVGsicHBH0CwfnKxkq9l_C3aN8No-Ue7AZgWS1","2023-11-23 23:54:45","2023-11-23 23:55:34","2023-11-23 23:55:34","","2023-11-23 23:54:45","No","Concerned","Neutral","sometimes","gas","2023-11-23 23:55:04","1985","male","","white","","degree_grad","inc_above100","46321","","2023-11-23 23:55:29","136674","2023-11-23 23:55:34"
"OvmTV4kCv1Te-g-6vCpVyQydkpXET-_Y86EM9Whil5RRMhiyRvL7T8HaUL9mDuut","2023-11-23 23:55:05","2023-11-23 23:56:04","2023-11-23 23:56:04","","2023-11-23 23:55:05","not_aware","Not_Bothered","Concerned","often","electricity, gas","2023-11-23 23:55:33","1968","female","","asian, white","","degree_associate","inc_above100","36116","","2023-11-23 23:55:58","569133","2023-11-23 23:56:04"
"1TMWO5JORbREIyPNpOwYT6P7B2wt68pX9tvfHpi6dCVc5Ukpqlb6YRiwH5KyAE_b","2023-11-23 23:55:37","2023-11-23 23:56:45","2023-11-23 23:56:45","","2023-11-23 23:55:37","No","Concerned","Concerned","often","electricity, gas","2023-11-23 23:55:55","1953","male","","white","","degree_bs","inc_20to50","95446","","2023-11-23 23:56:29","926558","2023-11-23 23:56:45"
"KEIGnvoCHYSZvgc5HDnF9DIjr1E7aZUtcRIgHp8guI77FG1BrrvVdanbE_QMSBks","2023-11-23 23:56:25","2023-11-23 23:57:26","2023-11-23 23:57:26","","2023-11-23 23:56:25","Yes","Neutral","Concerned","often","electricity, gas","2023-11-23 23:56:48","1955","male","","white","","college_some","inc_50to100","95823","","2023-11-23 23:57:10","694404","2023-11-23 23:57:26"
"xfT_0S7PYiqPgIJd_Q6alcQ9AfY9TlRk1OJyP-MSGLAl-bwVptPiCNjuD_hac4No","2023-11-23 23:56:29","2023-11-23 23:58:55","2023-11-23 23:58:56","","2023-11-23 23:56:29","Yes","Not_Bothered","Not_Bothered","often","electricity, gas","2023-11-23 23:57:25","1965","female","female","white","","degree_bs","inc_50to100","32514","","2023-11-23 23:58:43","188433","2023-11-23 23:58:56"
"D65lXHQTU396wJkO5tMq-Irk_PSVuZSPsOelt-TMYv7yFg1g-jpVDfz4Sp5yXfAe","2023-11-23 23:56:34","2023-11-23 23:57:25","2023-11-23 23:57:26","","2023-11-23 23:56:35","not_aware","Not_Bothered","Not_Bothered","often","electricity","2023-11-23 23:56:55","1983","female","","white","","degree_grad","inc_above100","36265","","2023-11-23 23:57:20","714749","2023-11-23 23:57:25"
"HfMY4LKiz9pp7FZk3ZpQLbaVL9SS0jwB6Hg4sJtueKLPsm-3TW7uhoA1-GVc2w3c","2023-11-23 23:58:05","2023-11-23 23:59:47","2023-11-23 23:59:47","","2023-11-23 23:58:05","Yes","Concerned","Neutral","often","electricity, gas","2023-11-23 23:58:34","1958","female","","white","","degree_associate","inc_50to100","85937","","2023-11-23 23:59:18","226667","2023-11-23 23:59:47"
"aFnyLb2h-oqd-Dr04GR2WXTsb7OGLQSXTApHdVfu0J8TB-eRXPtZrYAY52fsCKjI","2023-11-23 23:58:23","2023-11-23 23:59:19","2023-11-23 23:59:19","","2023-11-23 23:58:24","Yes","Neutral","Neutral","sometimes","gas","2023-11-23 23:58:34","1993","male","","white","","degree_bs","inc_10to20","27262","good survey","2023-11-23 23:59:12","915922","2023-11-23 23:59:19"
"WfQiu96H3nkl1vnDhx1P1EWjQngF3jbCXitqVTDw_K_5Ar06be2AxlwvCTh3fp7s","2023-11-23 23:58:31","2023-11-24 00:01:36","","","2023-11-23 23:58:31","No","Concerned","Concerned","sometimes","electricity","2023-11-23 23:59:49","1983","male","","white","","degree_bs","inc_50to100","18078","","2023-11-24 00:01:36","299214",""
"Y0Ru1WvTODxXzmyrcRG00Rw1l1C9-a-HTWCWbcWv60u6vq5bXIYiYJP8Bs33YT-C","2023-11-23 23:58:43","2023-11-23 23:59:41","2023-11-23 23:59:41","","2023-11-23 23:58:43","not_aware","Not_Bothered","Not_Bothered","often","electricity, gas","2023-11-23 23:59:08","1979","male","","white","","degree_bs","inc_above100","29582","","2023-11-23 23:59:35","125622","2023-11-23 23:59:41"
"y4r4nuaNxKqZpBqkPDYjztgPv4Pi9o4r2BkOfYgO60V69nZY_178Pgky1of4c81z","2023-11-23 23:59:15","2023-11-24 00:00:12","2023-11-24 00:00:12","","2023-11-23 23:59:15","No","Concerned","Neutral","often","gas","2023-11-23 23:59:37","1963","female","","white","","degree_associate","inc_50to100","21740","","2023-11-24 00:00:04","879560","2023-11-24 00:00:12"
"Ty-AAwbQ9RjyQ0sBYNA8nrTE56Try9AQ2QVi2oqxWeegevlP9MutUYKSYeJkewNo","2023-11-24 00:00:06","2023-11-24 00:00:46","2023-11-24 00:00:46","","2023-11-24 00:00:06","No","Not_Bothered","Not_Bothered","often","gas","2023-11-24 00:00:22","1986","male","","black","","degree_bs","inc_20to50","15132","","2023-11-24 00:00:40","642013","2023-11-24 00:00:46"
"RtuHH2_Wu8bIWfX19Sf7OaM9XDdXLdFJe2y2vJrfR99JsfuNGil4dz7EL_BIGvnX","2023-11-24 00:00:21","2023-11-24 00:00:59","2023-11-24 00:00:59","","2023-11-24 00:00:21","No","Concerned","Not_Bothered","often","gas","2023-11-24 00:00:34","2001","female","","white","","degree_bs","inc_above100","91208","","2023-11-24 00:00:54","849148","2023-11-24 00:00:59"
"Yn4ngtdkUQCSs_VLeY8-hU35jIkjJisfBBQx3fsUZx7mStv6uW89blAlDjurT96V","2023-11-24 00:00:29","2023-11-24 00:01:25","2023-11-24 00:01:26","","2023-11-24 00:00:29","No","Concerned","Neutral","sometimes","electricity, gas","2023-11-24 00:00:49","1980","female","","white","","college_some","inc_50to100","32060","","2023-11-24 00:01:14","567360","2023-11-24 00:01:25"
"U3rgFIlLaEo59H0hkuXxEZmZr5Pm8W9Kc7b0QOp6GG1CT-7zb1XjnBQa-ms0V7h5","2023-11-24 00:00:39","2023-11-24 00:02:21","2023-11-24 00:02:21","","2023-11-24 00:00:39","No","Not_Bothered","Not_Bothered","often","electricity, gas","2023-11-24 00:01:05","1961","female","","hispanic","","degree_bs","inc_50to100","65270","","2023-11-24 00:02:07","716075","2023-11-24 00:02:21"
"uTwIiGoau_g-yxFtiKJu2dwngxNRKnbRciJDh7KhPsm0z7qhqrsdZMKIJ4HQ_Mcy","2023-11-24 00:00:41","2023-11-24 00:02:19","2023-11-24 00:02:19","","2023-11-24 00:00:41","Yes","Not_Bothered","Not_Bothered","often","electricity","2023-11-24 00:01:28","1985","prefer_not_say","","white","","degree_bs","inc_50to100","27104","","2023-11-24 00:02:11","270957","2023-11-24 00:02:19"
"rZEGEWPrNfsGNEVPgMtnIIVV0nWmS96Ghm4dunGO1gSAYuu5TxGiDeIw8qXsnZjW","2023-11-24 00:02:00","2023-11-24 00:03:07","2023-11-24 00:03:08","","2023-11-24 00:02:00","Yes","Not_Bothered","Concerned","often","electricity, gas","2023-11-24 00:02:14","1986","transMale","","white","","hs","inc_10to20","62865","I genuinely enjoyed participating. Loved the images of the stovetops and the descriptions. I learned something today! Thank you so much.","2023-11-24 00:02:59","124512","2023-11-24 00:03:07"
"Rk7Cfk7zXZUqS86yhpgWcOFAuwUBU8_2OiiHxyC7zpnl5IWdGNcpT7KEKFFj9VS4","2023-11-24 00:02:13","2023-11-24 00:04:41","2023-11-24 00:04:41","","2023-11-24 00:02:13","No","Not_Bothered","Neutral","sometimes","electricity","2023-11-24 00:03:15","1954","female","","white","","hs","inc_10to20","27520","","2023-11-24 00:04:21","321699","2023-11-24 00:04:41"
"o-Bj0q4SFSpYjL0vBSIMciGeoisuNn5Oo7-DS9DujmDTwv7CswjI4nyxa0qQCcXK","2023-11-24 00:02:23","2023-11-24 00:03:35","2023-11-24 00:03:35","","2023-11-24 00:02:23","No","Not_Bothered","Concerned","sometimes","electricity, gas","2023-11-24 00:02:50","1975","female","","native","","degree_grad","inc_above100","55805","","2023-11-24 00:03:27","110754","2023-11-24 00:03:35"
"UXUitxwfFb05v7GyISmbOQ33dOjyBHNH9CX4clJTKuT0lU3oTxMIV91MWL5K6ufP","2023-11-24 00:02:27","2023-11-24 00:03:33","2023-11-24 00:03:33","","2023-11-24 00:02:27","not_aware","Neutral","Neutral","often","electricity","2023-11-24 00:02:45","1965","female","","white","","vocational","inc_20to50","31093","","2023-11-24 00:03:27","615515","2023-11-24 00:03:33"
"8-5lLH5G8wxryyz_Mz79eTGAI6BdjHTa8_qoHGMKYGmUddH8h-52ccj3wnCoRQkA","2023-11-24 00:03:21","2023-11-24 00:04:17","2023-11-24 00:04:18","","2023-11-24 00:03:21","Yes","Not_Bothered","Neutral","often","electricity","2023-11-24 00:03:37","1969","male","","white","","degree_grad","inc_above100","33139","","2023-11-24 00:04:06","304641","2023-11-24 00:04:17"
"2ok1YWuaKUuGFLETagnJa_WSXXGZ_ufuCJB43UN5EswCPbiUdYWZirEjUfZ155tL","2023-11-24 00:04:49","2023-11-24 00:05:41","2023-11-24 00:05:41","","2023-11-24 00:04:49","No","Not_Bothered","Not_Bothered","often","electricity","2023-11-24 00:05:10","1972","female","","white","","degree_bs","inc_above100","19335","","2023-11-24 00:05:35","348614","2023-11-24 00:05:41"
"hcEZUaNkiMBQCDcViPQTBoTHih35b572Z9ASGebUjdlB47ddDat9GFJfB8ETF9T6","2023-11-24 00:05:40","2023-11-24 00:06:24","2023-11-24 00:06:25","","2023-11-24 00:05:40","No","Not_Bothered","Not_Bothered","often","electricity","2023-11-24 00:05:54","1980","female","","white","","college_some","inc_20to50","75756","","2023-11-24 00:06:19","156071","2023-11-24 00:06:24"
"-gQ-MFNBKZ82d9tyXSP9qYhIECyoviIo_gJ1cPIjpet8wIWtp59E2dtr8zCxBl9N","2023-11-24 00:06:12","2023-11-24 00:07:37","2023-11-24 00:07:37","","2023-11-24 00:06:12","not_aware","Concerned","Neutral","sometimes","electricity","2023-11-24 00:06:32","1977","male","","white","","degree_bs","inc_above100","43535","","2023-11-24 00:07:12","290657","2023-11-24 00:07:37"
"YYAWEKpm62VH_U1fssoQyYbJ8b0a46l62D_avjWBVs288WpeQ1tcCU1VzShNINmC","2023-11-24 00:06:21","2023-11-24 00:09:52","2023-11-24 00:09:52","","2023-11-24 00:06:21","Yes","Concerned","Concerned","often","electricity, gas","2023-11-24 00:06:48","1974","female","","white","","degree_grad","inc_above100","36695","","2023-11-24 00:09:30","729749","2023-11-24 00:09:52"
"t5zExi9SuIXa7wxGAz6fS91nFG-gsf-x4QDZlcmadA1F5QSzjtI1Ow2c_YmxVfXD","2023-11-24 00:06:54","2023-11-24 00:08:10","2023-11-24 00:08:11","","2023-11-24 00:06:54","No","Not_Bothered","Not_Bothered","sometimes","electricity","2023-11-24 00:07:22","1981","male","","white","","degree_grad","inc_50to100","83873","","2023-11-24 00:08:04","200015","2023-11-24 00:08:11"
"cUwpTRPyIPJFi-qODRO5FxmIvtYRf6mmHbJx0oRGiTT7bfur7EJFOADTh-lyGTGE","2023-11-24 00:07:12","2023-11-24 00:07:57","2023-11-24 00:07:57","","2023-11-24 00:07:12","No","Concerned","Concerned","sometimes","electricity","2023-11-24 00:07:28","1977","male","","asian","","college_some","inc_50to100","30040","","2023-11-24 00:07:50","378446","2023-11-24 00:07:57"
"oWfItMyJvkZ_Q5zvlVPI2Y5C5s13Q0q-guyLbSrYoN-ngYTRw7GoUMJgpBCaNiir","2023-11-24 00:07:53","2023-11-24 00:09:54","2023-11-24 00:09:55","","2023-11-24 00:07:53","not_aware","Not_Bothered","Neutral","often","gas","2023-11-24 00:09:10","1992","female","","hispanic","","degree_bs","inc_above100","34231","","2023-11-24 00:09:45","669340","2023-11-24 00:09:54"
"JkB1exoi_7canI10azDo00e962q40PCqaooO4VPrwOhdmwheGxhOmKJONgLr7UoQ","2023-11-24 00:07:57","2023-11-24 00:09:30","2023-11-24 00:09:31","","2023-11-24 00:07:57","No","Not_Bothered","Not_Bothered","sometimes","gas","2023-11-24 00:08:16","1975","male","","white","","college_some","inc_20to50","58503","","2023-11-24 00:09:14","865985","2023-11-24 00:09:31"
"TkJGzcchoeSyqrqheYeZv7yag8a15yi5QfRKkhd3NeoNG-BDC-R-fWHA5i7GOlYN","2023-11-24 00:08:02","2023-11-24 00:08:38","2023-11-24 00:08:38","","2023-11-24 00:08:02","No","Neutral","Concerned","often","electricity","2023-11-24 00:08:16","1994","female","","asian","","degree_bs","inc_50to100","22079","","2023-11-24 00:08:32","908269","2023-11-24 00:08:38"
"Ph76tZRp7-7jZfifMHuzrzhFE6J8EA8h_cj5YVtebG6UYGONLPw3lmnwt5SPTRkq","2023-11-24 00:08:09","2023-11-24 00:09:00","2023-11-24 00:09:00","","2023-11-24 00:08:10","No","Neutral","Neutral","often","electricity, gas","2023-11-24 00:08:20","2000","male","California","asian","","degree_bs","inc_50to100","95834","","2023-11-24 00:08:42","119900","2023-11-24 00:09:00"
"w4v5sjVozsTn7Um9amYMDYmiU_Tw539Aywh0GeLXGIDnLhhrBQJ3j25BorspYgWa","2023-11-24 00:08:27","2023-11-24 00:09:55","2023-11-24 00:09:56","","2023-11-24 00:08:27","No","Not_Bothered","Neutral","often","electricity, gas","2023-11-24 00:08:57","1989","female","","prefer_not_say","mix","degree_grad","inc_50to100","07748","","2023-11-24 00:09:42","510222","2023-11-24 00:09:56"
"NhZgeUwxr_pkhxsGR5negWVWsj3mfPJbxBgPu7cXOQYXdaFS1IhtDCBxP6snGFSa","2023-11-24 00:08:44","2023-11-24 00:10:35","2023-11-24 00:10:35","","2023-11-24 00:08:44","No","Not_Bothered","Not_Bothered","often","electricity, gas","2023-11-24 00:09:09","1965","male","Nevada","white","","degree_associate","inc_50to100","89052","","2023-11-24 00:10:11","640794","2023-11-24 00:10:35"
"YeqakEWsXqbWzpVVY_8Mo5OmcVcgQqa9eSVPKIC621knm_bMbgygkoHqh-GcDD6E","2023-11-24 00:09:13","2023-11-24 00:10:37","2023-11-24 00:10:37","","2023-11-24 00:09:13","No","Not_Bothered","Concerned","often","electricity","2023-11-24 00:09:39","1962","female","","white","","degree_bs","inc_20to50","34748","","2023-11-24 00:10:11","538075","2023-11-24 00:10:37"
"d7V9SB21lF0CvvoxZkzrVJys_fYRL7-o4IbJ8AB3EvA3DxKY0ZehFBI-8ErUvFTe","2023-11-24 00:09:17","2023-11-24 00:10:35","2023-11-24 00:10:35","","2023-11-24 00:09:17","No","Neutral","Neutral","sometimes","electricity, gas","2023-11-24 00:09:40","1961","female","","white","","degree_grad","inc_50to100","46342","","2023-11-24 00:10:22","361388","2023-11-24 00:10:35"
"CsbuCJdPt0IERDcNSEV6JvMfbbe7FXSfN_s6ZQjdQ9P46lzL2Cso8KHDipyjaf2Z","2023-11-24 00:09:21","2023-11-24 00:09:59","2023-11-24 00:09:59","","2023-11-24 00:09:21","Yes","Neutral","Neutral","often","electricity, gas","2023-11-24 00:09:35","1999","female","","white","","degree_bs","inc_20to50","35811","","2023-11-24 00:09:54","571193","2023-11-24 00:09:59"
"T5e7mozlXZdmxgaxl1luhDWBaZDbkZ_NefrdwfpbtjZ7o2BrF9N7zDffNVHIwDN7","2023-11-24 00:09:22","2023-11-24 00:10:05","2023-11-24 00:10:05","","2023-11-24 00:09:22","No","Neutral","Not_Bothered","often","electricity, gas","2023-11-24 00:09:35","1987","male","","white","","degree_grad","inc_above100","27707","","2023-11-24 00:09:55","924131","2023-11-24 00:10:05"
"p5rkoGiSwteFTxyrDSjy6LQUXB3J-eIKCqfLEsV-d7E5PM7EdiUzCN9Y5-8GXqE4","2023-11-24 00:10:13","2023-11-24 00:12:19","2023-11-24 00:12:19","","2023-11-24 00:10:13","not_aware","Neutral","Not_Bothered","sometimes","electricity, gas","2023-11-24 00:11:05","1974","male","","hispanic","","degree_bs","inc_above100","90602","Study ran smoothly with no technical issues.  I appreciate the opportunity to participate in your research.","2023-11-24 00:12:08","155825","2023-11-24 00:12:19"
"ccuy8A7gCyV3D1UCgPACqI55b3d-vD4HtLCwnsHNqTnp3ySpO1bZYElsgkLrAUhy","2023-11-24 00:10:21","2023-11-24 00:11:37","2023-11-24 00:11:37","","2023-11-24 00:10:21","No","Not_Bothered","Not_Bothered","often","electricity","2023-11-24 00:10:56","1999","male","","white","","degree_associate","inc_20to50","72120","","2023-11-24 00:11:31","821813","2023-11-24 00:11:37"
"zPHyeqcl0ewt_3WJ0wqsky8pDnuCLpTULyOpRc35Ho-IvPrf-GRvj9ZKBIeU4Cy8","2023-11-24 00:10:22","2023-11-24 00:12:39","2023-11-24 00:12:39","","2023-11-24 00:10:22","Yes","Neutral","Not_Bothered","often","electricity, gas","2023-11-24 00:11:03","1957","male","","white, native","","hs","under10","75803","","2023-11-24 00:12:15","945113","2023-11-24 00:12:39"
"Fb13nAk7ZpWXdSIlXqr2dA4xeYAeugzZlH9Cxza1sdogxaQyQIc9ZVvyTqxjbq5U","2023-11-24 00:10:26","2023-11-24 00:12:34","2023-11-24 00:12:34","","2023-11-24 00:10:26","No","Concerned","Neutral","often","gas","2023-11-24 00:10:42","1987","male","","asian","","degree_bs","inc_50to100","19012","","2023-11-24 00:12:12","221586","2023-11-24 00:12:34"
"AaWf73RBhGSh8Ku6blTxecCCGx-0xwg-yxkPz2G7jNYSNdeyPbR-Qwao-6z_Tq-H","2023-11-24 00:10:26","2023-11-24 00:11:33","2023-11-24 00:11:34","","2023-11-24 00:10:26","Yes","Not_Bothered","Not_Bothered","often","electricity, gas","2023-11-24 00:10:54","1966","male","","white","","degree_bs","inc_50to100","73096","","2023-11-24 00:11:27","445227","2023-11-24 00:11:33"
"8Kxba8irVnHzs1RVkErx0-JrzmHzDRpwXt0uxMXojyTiVVf_muk07H7tcdkbc3a5","2023-11-24 00:11:08","2023-11-24 00:12:31","","","2023-11-24 00:11:08","No","Neutral","Not_Bothered","often","electricity","2023-11-24 00:11:33","1942","male","indiana","white","","degree_grad","inc_20to50","46725","","2023-11-24 00:12:31","955239",""
"Ai-QlrcgPhnlJjUgH4btwqCAkXsHa7-8oaIdISgR-aavjV4Sk8MDnVdgp-EYLGZj","2023-11-24 00:11:19","2023-11-24 00:12:38","2023-11-24 00:12:39","","2023-11-24 00:11:19","No","Neutral","Neutral","often","electricity, gas","2023-11-24 00:11:35","1958","female","","white","","degree_bs","inc_50to100","63301","","2023-11-24 00:12:05","619139","2023-11-24 00:12:38"
"EIKX3Ps7svnBJt4TyyjYu-U0KWPvNMfa9loyjcBiS8kQWbIPBENoUYFtwfQFMzLt","2023-11-24 00:11:28","2023-11-24 00:12:45","2023-11-24 00:12:45","","2023-11-24 00:11:28","No","Concerned","Concerned","sometimes","electricity, gas","2023-11-24 00:11:52","1963","female","","white, hispanic","","degree_associate","inc_above100","98065","","2023-11-24 00:12:28","656119","2023-11-24 00:12:45"
"GGZ_uBG7TTE85zzfCKVUR8XYZ5ehAT7u6SZ9jLxi-W634BmrAPhQjfwX7AB_QTsr","2023-11-24 00:12:46","2023-11-24 00:13:31","2023-11-24 00:13:32","","2023-11-24 00:12:46","not_aware","Not_Bothered","Not_Bothered","often","electricity, gas","2023-11-24 00:13:04","1962","male","","white","","degree_bs","inc_above100","29466","","2023-11-24 00:13:26","987412","2023-11-24 00:13:31"
"uWKdR61m1fWF0-t_lOdQaj_CUsCW9hCdiIpmGGdhxJ2ZWeoETePvkCOdCLWF1yeD","2023-11-24 00:12:47","2023-11-24 00:13:53","2023-11-24 00:13:53","","2023-11-24 00:12:48","No","Neutral","Concerned","often","electricity","2023-11-24 00:13:11","1987","male","","white","","hs","inc_50to100","77336","","2023-11-24 00:13:34","377106","2023-11-24 00:13:53"
"eAfaJ4nnbCyA_KkoafMqLoSt_n_4fN-5_KjyiXx5_GFF4aglaQZnqvNy4lAznD6r","2023-11-24 00:13:13","2023-11-24 00:15:25","2023-11-24 00:15:26","","2023-11-24 00:13:13","not_aware","Neutral","Not_Bothered","often","electricity","2023-11-24 00:13:31","1964","male","","white","","degree_bs","inc_20to50","98516","1) It's expensive to run gas lines, even if you have existing gas service for your water heater.. 2) The price of gas has gone up quite a bit.","2023-11-24 00:15:19","475599","2023-11-24 00:15:25"
"ZRfyVz10RN-Q4Soxw8ybzic5ovBHr4NRu7pTlwCIjFXetHCvPO447Q-ZeiOLFrbH","2023-11-24 00:13:34","2023-11-24 00:14:21","2023-11-24 00:14:21","","2023-11-24 00:13:34","not_aware","Concerned","Concerned","often","electricity, gas","2023-11-24 00:13:46","1994","male","","hispanic","","degree_bs","inc_10to20","77053","Very interesting survey","2023-11-24 00:14:16","402279","2023-11-24 00:14:21"
"03yUxYloRyPu_4H7JzPTbGytMPIphumqr9QnbxtU71ioOH7na434I4w6PugVDrSG","2023-11-24 00:14:04","2023-11-24 00:15:27","2023-11-24 00:15:27","","2023-11-24 00:14:04","Yes","Neutral","Concerned","sometimes","electricity, gas","2023-11-24 00:14:28","1954","female","","white","","degree_associate","inc_20to50","39452","","2023-11-24 00:15:17","837684","2023-11-24 00:15:27"
"LwX27FhjFOAFElsK-KxV4wl-tfbyICgS_8CGI2OK2hbrYeMYg8ZL5oTOS3IObdm5","2023-11-24 00:14:15","2023-11-24 00:15:26","2023-11-24 00:15:27","","2023-11-24 00:14:15","No","Not_Bothered","Not_Bothered","sometimes","electricity","2023-11-24 00:14:31","1982","prefer_not_say","","prefer_not_say","","prefer_not_say","prefer_not_say","92555","","2023-11-24 00:15:05","443103","2023-11-24 00:15:27"
"Wb1ir6_7w3CRCpjH7dIauO_bN3KVFKpibSxYv-860z-s9RzjH94zsk1q3GV0uJLR","2023-11-24 00:14:49","2023-11-24 00:16:16","2023-11-24 00:16:16","","2023-11-24 00:14:49","Yes","Not_Bothered","Not_Bothered","often","electricity, gas","2023-11-24 00:15:20","1980","female","","white","","degree_grad","inc_50to100","02888","","2023-11-24 00:15:55","347812","2023-11-24 00:16:16"
"z7HsqinxySQwX1pg-UlwbdGSN79Szjn_BtYeTWQoS59xa4YsPwbMdhl4md-ZPcyn","2023-11-24 00:14:57","2023-11-24 00:16:06","2023-11-24 00:16:06","","2023-11-24 00:14:57","not_aware","Not_Bothered","Neutral","often","electricity, gas","2023-11-24 00:15:27","1983","female","","white","","degree_bs","inc_50to100","49451","","2023-11-24 00:16:00","137541","2023-11-24 00:16:06"
"kfVK6JLQRnriK4u4oNaLoFbwFKgpRhYx6GyAi46mVoUj5p2kNXM1eHZhcaeSuWt0","2023-11-24 00:15:25","2023-11-24 00:16:15","2023-11-24 00:16:15","","2023-11-24 00:15:25","No","Not_Bothered","Not_Bothered","often","electricity, gas","2023-11-24 00:15:41","1968","female","","white","","degree_grad","inc_above100","20814","","2023-11-24 00:16:03","300041","2023-11-24 00:16:15"
"dO7923jDzA898Pz3JraLQHDxGyIY30UYTlOfcWz637ZWwCGO8JkIN-drqdmxVGSi","2023-11-24 00:15:33","2023-11-24 00:17:02","2023-11-24 00:17:02","","2023-11-24 00:15:34","Yes","Not_Bothered","Not_Bothered","often","electricity","2023-11-24 00:16:00","1986","male","","white","","hs","inc_50to100","96094","Everything went perfect great study enjoyed taking it.","2023-11-24 00:16:50","167068","2023-11-24 00:17:02"
"Ymfapn_zW2oi79Hy96wZMpIumQKXxZbDD_LIIe-cDrLPUmlEwYgbt0hsBeSIuMMF","2023-11-24 00:16:18","2023-11-24 00:18:07","2023-11-24 00:18:07","","2023-11-24 00:16:18","Yes","Concerned","Concerned","often","electricity","2023-11-24 00:16:53","1968","female","","white","","hs","inc_20to50","33905","","2023-11-24 00:17:32","468739","2023-11-24 00:18:07"
"Dle5KAE1m15VKtqbUUjH_o4pnQt4JFMCmMIYzJV-NtwSiaiQIrqgkOmdgmyUGzJY","2023-11-24 00:18:21","2023-11-24 00:19:53","2023-11-24 00:19:54","","2023-11-24 00:18:21","No","Concerned","Neutral","often","gas","2023-11-24 00:19:00","1970","female","","white","","college_some","inc_20to50","70560","","2023-11-24 00:19:42","431872","2023-11-24 00:19:54"
"FYR17XqrmD8nWnEqyfPFpSil_otVLneUxhMUXV8wSY9Aws28qTXJEnmy6sPp7kfW","2023-11-24 00:18:27","2023-11-24 00:19:27","2023-11-24 00:19:27","","2023-11-24 00:18:27","No","Neutral","Concerned","often","electricity","2023-11-24 00:18:50","1980","male","","white","","degree_bs","inc_above100","17814","","2023-11-24 00:19:20","461580","2023-11-24 00:19:27"
"G0SV3Frd_xHM5uv-yCSlL_4tccAS0kOLiNCaJslj632gKkue1MVql1gsAvm-7VqA","2023-11-24 00:18:33","2023-11-24 00:19:35","2023-11-24 00:19:35","","2023-11-24 00:18:33","not_aware","Neutral","Not_Bothered","often","gas","2023-11-24 00:18:54","1967","female","","white","","college_some","inc_20to50","99688","","2023-11-24 00:19:27","586548","2023-11-24 00:19:35"
"4yG7nKOtdb1ADXxbAx4RPC70S5ChadbbKRjDPogl3ThypiMdFZhAB66kz2Atyyof","2023-11-24 00:18:59","2023-11-24 00:20:40","2023-11-24 00:20:40","","2023-11-24 00:18:59","Yes","Not_Bothered","Not_Bothered","often","electricity, gas","2023-11-24 00:19:35","1972","male","","white","","degree_grad","inc_above100","","","2023-11-24 00:20:15","603003","2023-11-24 00:20:40"
"y1BEpFwoZ_gPhhpHBC8GQMUmilx1F09reOyFw877IC7jS6MEeMQZoiC45xtolGxF","2023-11-24 00:19:17","2023-11-24 00:20:05","2023-11-24 00:20:06","","2023-11-24 00:19:18","No","Neutral","Neutral","sometimes","gas","2023-11-24 00:19:32","1993","female","","white","","degree_bs","inc_50to100","13512","","2023-11-24 00:19:59","133623","2023-11-24 00:20:05"
"lgGp2zM8WgQkmXD7JTo8n7XvEQgV2vDdbd0v9NrSLfmu_RprthEadVBncSCFgG1j","2023-11-24 00:20:14","2023-11-24 00:22:42","2023-11-24 00:22:43","","2023-11-24 00:20:14","Yes","Not_Bothered","Not_Bothered","often","electricity","2023-11-24 00:20:43","1968","male","","white","","degree_bs","inc_50to100","03867","","2023-11-24 00:22:15","971524","2023-11-24 00:22:42"
"h9kt-rWjZHQXCF2GT8V7AvXw3G03sqGhcxjVY9vL6XToo1RVhbKZLAotbwopOGU3","2023-11-24 00:20:15","2023-11-24 00:22:19","2023-11-24 00:22:19","","2023-11-24 00:20:15","Yes","Not_Bothered","Not_Bothered","often","electricity","2023-11-24 00:21:06","1978","male","","white","","college_some","under10","30735","","2023-11-24 00:22:10","566539","2023-11-24 00:22:19"
"iZ6OxTSFKIqTKDSy4-6wRryezZPY6cBrSytyWi1sLI3Vn3MOT7hJO8KAaXEvwpV0","2023-11-24 00:20:48","2023-11-24 00:23:24","2023-11-24 00:23:25","","2023-11-24 00:20:48","No","Neutral","Neutral","often","electricity","2023-11-24 00:21:21","1960","male","","white","","hs","inc_20to50","","Hi, I've been cooking with electric ranges for the last 35 years and would not change for nothing including cost.","2023-11-24 00:23:15","770875","2023-11-24 00:23:24"
"0dOI2YZACgvFiJDRnJzGgvM-pgfhAsDnr4avnLPooxEiD6Gpr9RPWVIjismIVbDU","2023-11-24 00:21:13","2023-11-24 00:22:38","2023-11-24 00:22:39","","2023-11-24 00:21:13","No","Not_Bothered","Not_Bothered","often","electricity","2023-11-24 00:21:35","1953","female","","white","","hs","inc_20to50","60452","","2023-11-24 00:22:20","211511","2023-11-24 00:22:38"
"38W1GnOPUXSqHe7wyMu0oLDLOaPJz2lfpeOJxvRhto9aifP8FfM697ookWTWUtLF","2023-11-24 00:21:34","2023-11-24 00:23:03","2023-11-24 00:23:03","","2023-11-24 00:21:34","not_aware","Concerned","Neutral","often","electricity","2023-11-24 00:22:00","1962","female","","black","","degree_bs","inc_above100","19701","","2023-11-24 00:22:30","291270","2023-11-24 00:23:03"
"UWdN9OAob9hXqn63rrkNPg7JHoJFIsZM6anNQV4EZ0fYaqi7ZGBvvMnlOKO9SkNz","2023-11-24 00:22:06","2023-11-24 00:23:41","2023-11-24 00:23:41","","2023-11-24 00:22:06","not_aware","Not_Bothered","Neutral","sometimes","electricity, gas","2023-11-24 00:22:34","1960","female","","white","","degree_bs","inc_50to100","89123","","2023-11-24 00:23:21","594158","2023-11-24 00:23:41"
"rvC61dJlwQEIXmocJGaX-V2shz5ufSXnZfe5HAW1v3CawP9Pz7pV6wQzJP9JS1ym","2023-11-24 00:22:48","2023-11-24 00:23:31","2023-11-24 00:23:31","","2023-11-24 00:22:48","No","Not_Bothered","Not_Bothered","often","electricity","2023-11-24 00:23:04","1993","female","","white","","college_some","inc_50to100","64151","","2023-11-24 00:23:26","784361","2023-11-24 00:23:31"
"XZkXlOQI5oSmw5JbAM4aoAWiD-s7A8rAzkHDwFokLU7725YPm9ZGGUeXG06UKVUK","2023-11-24 00:23:24","2023-11-24 00:25:43","2023-11-24 00:25:43","","2023-11-24 00:23:24","Yes","Neutral","Concerned","often","electricity","2023-11-24 00:24:06","1988","male","","white","","degree_bs","inc_above100","85715","it was good ","2023-11-24 00:25:33","895335","2023-11-24 00:25:43"
"xEAZIIxQjZBrE9gBtFth4PFZnMN_RvqWVb3xytmI1fkYjBHPdnt88HBnjsR8JDM_","2023-11-24 00:24:39","2023-11-24 00:25:21","2023-11-24 00:25:21","","2023-11-24 00:24:39","not_aware","Neutral","Not_Bothered","often","electricity, gas","2023-11-24 00:24:53","1964","female","","white","","degree_bs","inc_above100","48334","","2023-11-24 00:25:12","493037","2023-11-24 00:25:21"
"OSaXDrbgWA5idBSiA0mKgOdcW-ZED7uhYsQRoxuy8YqOCSCJc-EShjeBhJP88IPO","2023-11-24 00:24:40","2023-11-24 00:25:41","2023-11-24 00:25:41","","2023-11-24 00:24:40","No","Not_Bothered","Not_Bothered","often","electricity","2023-11-24 00:25:01","1956","female","","white","","hs","inc_20to50","33903","","2023-11-24 00:25:25","732185","2023-11-24 00:25:41"
"_SBuQ6YqEygXaeL49s--V5aNZ77WRTRmG5TMleyZd0A-5Oy7aBwcw_YKS8Jfj8rK","2023-11-24 00:24:43","2023-11-24 00:25:54","2023-11-24 00:25:55","","2023-11-24 00:24:43","No","Neutral","Neutral","sometimes","electricity, gas","2023-11-24 00:25:04","1983","female","","white","","college_some","inc_20to50","01089","","2023-11-24 00:25:42","112184","2023-11-24 00:25:54"
"vKOgkz1s_uG0ajxNnm18YIiuYFSvbn9-n1VoThTCrZdZkG4tzrsQsO7Na9IdGNtT","2023-11-24 00:25:13","2023-11-24 00:26:22","2023-11-24 00:26:23","","2023-11-24 00:25:13","No","Concerned","Not_Bothered","often","electricity, gas","2023-11-24 00:25:36","1968","male","","asian","","degree_grad","inc_50to100","95831","","2023-11-24 00:26:05","197186","2023-11-24 00:26:22"
"OSoNHouYc1POSZ4YktVCul4zdhJDErOpyS-5u6WsSrRmoyhP5NHHgiXYX_pJMtHf","2023-11-24 00:25:14","2023-11-24 00:26:45","2023-11-24 00:26:45","","2023-11-24 00:25:14","Yes","Not_Bothered","Not_Bothered","often","electricity, gas","2023-11-24 00:25:45","1960","male","","white","","degree_bs","inc_20to50","02886","","2023-11-24 00:26:36","866799","2023-11-24 00:26:45"
"bGaWJXEp1vFLA1wrWcDWEJm4wVoXH2kNcwNL4XYNw6GHcpHd8xNBFUTEOcbjisXo","2023-11-24 00:25:41","2023-11-24 00:29:05","2023-11-24 00:29:05","","2023-11-24 00:25:41","No","Neutral","Not_Bothered","often","electricity","2023-11-24 00:26:12","1967","female","","white","","degree_bs","inc_20to50","28532","My only feedback is that when you were explaining the different types of cooktops (gas, electric, and induction), you showed a coil top electric cooktop. Many if not most
electric cooktops are ceramic/glass smooth tops that look more like induction top than like coil top, so you may want to point out electric come in smooth top, too so people don't confuse it with induction.","2023-11-24 00:28:58","766532","2023-11-24 00:29:05"
"apFt3cYlsWkW6dnmOpB8GcVEMoHIgkF1AGkSxsb86DC29DXkZvyTbLMKbsfMEM9v","2023-11-24 00:25:49","2023-11-24 00:31:51","2023-11-24 00:31:51","","2023-11-24 00:25:49","Yes","Concerned","Neutral","often","electricity","2023-11-24 00:27:09","1965","female","","white","","degree_bs","under10","75243","","2023-11-24 00:30:53","469073","2023-11-24 00:31:51"
"upDEHbzg4yU4OJnzW6XZ_dRcERCaqUHQbNpCirhfqM5Ql6KyGcHgNfLQO9Z3jLV2","2023-11-24 00:26:02","2023-11-24 00:27:27","2023-11-24 00:27:27","","2023-11-24 00:26:02","Yes","Neutral","Not_Bothered","often","electricity","2023-11-24 00:26:27","1975","male","","white","","degree_grad","inc_50to100","28211","","2023-11-24 00:27:17","721405","2023-11-24 00:27:27"
"-mVpeH-KnfMN4YnBEg9gXhlno2ygPjgQLaabEowwr_oPmWnbBCXtX8QLqu8MeT4v","2023-11-24 00:26:08","2023-11-24 00:33:53","","","2023-11-24 00:26:08","No","Concerned","Not_Bothered","sometimes","electricity, gas","2023-11-24 00:26:34","1983","female","","white","","degree_bs","inc_50to100","95821","","2023-11-24 00:26:55","100860",""
"GqZHgCYWFe1MRUd_Ja2xrZdIPgBdNPCYdgcF9YP4125uvfUT7kH8i3JvdrwOQtdp","2023-11-24 00:26:49","2023-11-24 00:27:58","2023-11-24 00:27:58","","2023-11-24 00:26:49","Yes","Not_Bothered","Neutral","sometimes","electricity, gas","2023-11-24 00:27:10","1961","female","","white","","degree_grad","under10","97219","","2023-11-24 00:27:43","732946","2023-11-24 00:27:58"
"x9GyDioXESizicsEHhlhEiCstdvxdvcH3W0XA92ePyT5xCAUw0lyK-o6oaFk7gxY","2023-11-24 00:27:17","2023-11-24 00:28:40","2023-11-24 00:28:40","","2023-11-24 00:27:17","Yes","Neutral","Neutral","often","electricity","2023-11-24 00:27:47","1965","male","","white","","degree_bs","inc_50to100","32174","","2023-11-24 00:28:25","333936","2023-11-24 00:28:40"
"uUzHUznQmzJdO8x_lD5qK32tb7HFKk2SlAG6eHmanNSQ0PyVWFgvj9zJFx0styfr","2023-11-24 00:27:18","2023-11-24 00:28:05","2023-11-24 00:28:05","","2023-11-24 00:27:18","No","Neutral","Not_Bothered","often","electricity","2023-11-24 00:27:34","1957","female","","white","","degree_bs","inc_above100","42164","","2023-11-24 00:27:59","181200","2023-11-24 00:28:05"
"BpWlRnDDuGGSPhRgIGwqOPhCw7egW0c4sOPjE3XdzaK3BQ-LtsXv4CKzxCdoP6RX","2023-11-24 00:27:19","2023-11-24 00:28:09","","","2023-11-24 00:27:19","Yes","Concerned","Concerned","sometimes","electricity, gas","2023-11-24 00:27:35","1988","male","","black","","degree_bs","inc_above100","29461","","2023-11-24 00:28:09","945077",""
"IIL2OFGuLap3LQlql9eI_ai-NWqhD8zaZzuC3W00qxnYcoGFYQICkXpxcSELi0ob","2023-11-24 00:27:30","2023-11-24 00:28:30","2023-11-24 00:28:31","","2023-11-24 00:27:30","No","Not_Bothered","Neutral","often","electricity, gas","2023-11-24 00:27:56","1979","female","","white","","degree_bs","inc_above100","15238","","2023-11-24 00:28:21","790777","2023-11-24 00:28:31"
"lvyNm9GnwFEu_B5595QUIjhv8Ut7aL5pslJ2dxVzY9jmgNj-EO11ERAvp3_T_Khk","2023-11-24 00:27:34","2023-11-24 00:28:50","2023-11-24 00:28:50","","2023-11-24 00:27:34","No","Not_Bothered","Not_Bothered","never","electricity","2023-11-24 00:28:03","1956","male","","white","","degree_associate","inc_20to50","32246","","2023-11-24 00:28:40","295068","2023-11-24 00:28:50"
"EFuFDvP8Zv2Igh7d8QsGsMpwnIpKJyVemWpjN-XMty50qxpjAlYmxfXSz68hiLO8","2023-11-24 00:28:02","2023-11-24 00:29:06","2023-11-24 00:29:07","","2023-11-24 00:28:02","not_aware","Neutral","Neutral","sometimes","electricity, gas","2023-11-24 00:28:33","1973","male","","white","","degree_grad","inc_above100","20148","","2023-11-24 00:28:59","917770","2023-11-24 00:29:07"
"rsAIk60vGbmvF86AViyVglLz_PieETdfU57SdijfuwKkVcbn2S2Dn1-ZBSNPN8v6","2023-11-24 00:28:15","2023-11-24 00:30:35","2023-11-24 00:30:35","","2023-11-24 00:28:15","Yes","Neutral","Neutral","often","electricity, gas","2023-11-24 00:28:28","2004","male","","asian","","college_some","inc_50to100","37027","","2023-11-24 00:30:24","196292","2023-11-24 00:30:35"
"B34CF7LwcPbI14b6gbL1hf17vJvcm9K7OfBIIUeH-3P3dON25nR4OBRNqW6amDKf","2023-11-24 00:28:15","2023-11-24 00:30:09","2023-11-24 00:30:10","","2023-11-24 00:28:15","No","Neutral","Concerned","often","electricity","2023-11-24 00:28:55","1961","female","","black","","hs","inc_20to50","16602","","2023-11-24 00:29:44","799821","2023-11-24 00:30:10"
"18Res4ir35_f9Ov6zAnZUpGDS4NI6kI0rqnX1UZUsc9DwbqqExUzQZp98ujGkR81","2023-11-24 00:28:24","2023-11-24 00:29:27","2023-11-24 00:29:28","","2023-11-24 00:28:24","Yes","Not_Bothered","Concerned","often","electricity, gas","2023-11-24 00:28:36","1951","female","","white","","hs","inc_10to20","62865","Very interesting survey! I really enjoyed the topic and felt it was a good use of my time. Thank you so much!","2023-11-24 00:29:20","734473","2023-11-24 00:29:27"
"MKTn9g4-5aruXXfYv4LETBcmy0V_zW-xV5TIa3Gay1J77D8U7zoEvQSr6nfjLEHf","2023-11-24 00:29:07","2023-11-24 00:31:01","2023-11-24 00:31:01","","2023-11-24 00:29:07","No","Neutral","Not_Bothered","often","electricity, gas","2023-11-24 00:30:12","1979","female","","white","","college_some","inc_50to100","26456","","2023-11-24 00:30:53","481539","2023-11-24 00:31:01"
"iXh-IplP4o7La7P-0rEyPzSka0fRMAIrbMjhsnr9s0k6fTIad94r-3cfFKn1yFKi","2023-11-24 00:29:16","2023-11-24 00:31:11","2023-11-24 00:31:11","","2023-11-24 00:29:16","Yes","Neutral","Not_Bothered","often","electricity","2023-11-24 00:29:43","1973","male","","white","","college_some","inc_50to100","37327","I have one and I and love my induction cooktop.","2023-11-24 00:30:56","869695","2023-11-24 00:31:11"
"GuMTKnpfPS39kxx88i-qE5SSFZKRkn6WVE1vl_3z7iffBo3ylZ4Z8tRzO69-jZm8","2023-11-24 00:30:01","2023-11-24 00:31:01","2023-11-24 00:31:01","","2023-11-24 00:30:01","No","Neutral","Neutral","sometimes","electricity","2023-11-24 00:30:23","1957","male","","white","","degree_grad","inc_50to100","46237","","2023-11-24 00:30:55","815940","2023-11-24 00:31:01"
"MBK2V2LTqMEsoRxku_Ig1imZyRvVgeH4RsjjIjsNl5oUudSZ756Ho1nPb0Phu1y3","2023-11-24 00:30:51","2023-11-24 00:31:56","2023-11-24 00:31:57","","2023-11-24 00:30:52","Yes","Not_Bothered","Not_Bothered","often","electricity","2023-11-24 00:31:17","1985","male","","black","","college_some","inc_50to100","77802","","2023-11-24 00:31:47","772418","2023-11-24 00:31:57"
"UBmsK2mqYeFkC46aoNcjRzwIQbP9Ieyln32_Mn3snHQedu4TH79P8CaWL1s7T_rA","2023-11-24 00:31:07","2023-11-24 00:32:08","2023-11-24 00:32:08","","2023-11-24 00:31:07","No","Not_Bothered","Not_Bothered","sometimes","electricity, gas","2023-11-24 00:31:28","1986","female","","white","","degree_bs","inc_above100","08010","","2023-11-24 00:31:54","357002","2023-11-24 00:32:08"
"OMo5bmHeUrPFc3rI1SDzzuuy2iz0O3T8m152E-2If6-sCOJTEqeWyhSZRV9pYJVu","2023-11-24 00:31:09","2023-11-24 00:32:59","2023-11-24 00:32:59","","2023-11-24 00:31:09","not_aware","Concerned","Concerned","sometimes","electricity, gas","2023-11-24 00:31:46","1952","male","","white","","degree_grad","inc_50to100","94070","","2023-11-24 00:32:43","830832","2023-11-24 00:32:59"
"mAKUf8OjfigYijcyHFgiTRnB6Gl-WL4l4RV8w6JPX0sWHHncfdytImI2FyNjO4pA","2023-11-24 00:31:12","2023-11-24 00:32:46","2023-11-24 00:32:47","","2023-11-24 00:31:12","Yes","Not_Bothered","Not_Bothered","often","electricity, gas","2023-11-24 00:31:44","1970","female","","hispanic","","degree_bs","inc_above100","42301","","2023-11-24 00:32:14","690511","2023-11-24 00:32:47"
"yMzz9B5Z8O0bvsgU6lRjYgZg-CjTRkYw-8MhsWuZklvTIOjWOOOJflmW7pghr-WL","2023-11-24 00:31:30","2023-11-24 00:33:17","2023-11-24 00:33:18","","2023-11-24 00:31:31","No","Not_Bothered","Neutral","often","electricity","2023-11-24 00:32:12","1954","female","","white","","vocational","inc_50to100","27546","","2023-11-24 00:33:07","403709","2023-11-24 00:33:18"
"hPQaVuTVrKR9hykSLl7NLitwcm0-Ls2jAa0aRWOE9Otz6KDDWEwhm3rn7968dMip","2023-11-24 00:32:05","2023-11-24 00:33:12","2023-11-24 00:33:12","","2023-11-24 00:32:06","Yes","Not_Bothered","Not_Bothered","often","electricity","2023-11-24 00:32:32","1963","female","","white","","college_some","inc_above100","33772","","2023-11-24 00:33:03","767777","2023-11-24 00:33:12"
"UEp56oI5LdUhHgGlrPkU_D8nQYOw2PnvEPW_UrleVkEIBhDKxgaaBKFURiLMcvaI","2023-11-24 00:32:10","2023-11-24 00:33:15","2023-11-24 00:33:15","","2023-11-24 00:32:10","No","Neutral","Concerned","often","electricity, gas","2023-11-24 00:32:28","1989","male","","asian","","degree_bs","inc_50to100","94112","","2023-11-24 00:33:02","448702","2023-11-24 00:33:15"
"1cBQt9KNCSFqW9IrSwQhPEZKaQ865uEjDDxF4Maty56cmr5CGIdHpK2pDr_leuYw","2023-11-24 00:32:24","2023-11-24 00:33:33","2023-11-24 00:33:33","","2023-11-24 00:32:24","No","Not_Bothered","Not_Bothered","often","gas","2023-11-24 00:32:50","1984","male","","white","","degree_bs","inc_50to100","1662","","2023-11-24 00:33:26","445270","2023-11-24 00:33:33"
"JaWVqm9W2rgwglAmxeFLqkUobWoM5xJNFoC93ic_YKRcsM9Gl6_Ye2QS3zWDeOHc","2023-11-24 00:33:18","2023-11-24 00:34:19","2023-11-24 00:34:19","","2023-11-24 00:33:18","Yes","Not_Bothered","Concerned","often","electricity, gas","2023-11-24 00:33:43","1956","female","","white, native","","degree_bs","inc_50to100","73118","","2023-11-24 00:34:11","392572","2023-11-24 00:34:19"
"KcC6vPxrYa_qAnthCOvfLIPIF8kUsjU5z2rdyuHCR8uj_KYwjmo8mhskpZg6lThF","2023-11-24 00:33:28","2023-11-24 00:34:25","","","2023-11-24 00:33:28","No","Concerned","Concerned","often","electricity","2023-11-24 00:33:47","1982","female","","asian","","degree_bs","inc_20to50","32255","","2023-11-24 00:34:25","567190",""
"q1C3JQTRQAy1fA_l_QSHA6EfRGOP1WFDdODaQuIL_rHn7SNsM9xz_mYIBlSk0ql-","2023-11-24 00:33:41","2023-11-24 00:34:55","2023-11-24 00:34:55","","2023-11-24 00:33:41","No","Neutral","Neutral","sometimes","electricity, gas","2023-11-24 00:34:12","1970","female","","white","","degree_bs","inc_20to50","22554","","2023-11-24 00:34:47","570821","2023-11-24 00:34:55"
"INry6lt4nYtp3dZE-wjdaYLUjmoi0hpuvKn39tbi1T2OSjtPDiy2o-WZIf-LXSxj","2023-11-24 00:33:46","2023-11-24 00:34:46","2023-11-24 00:34:46","","2023-11-24 00:33:46","not_aware","Neutral","Not_Bothered","sometimes","electricity, gas","2023-11-24 00:34:07","1985","male","","white","","degree_bs","inc_above100","62095","","2023-11-24 00:34:34","995606","2023-11-24 00:34:46"
"fCupND6AuIxhbbWVui_taSgQhc6_Zr92InLFv3MbVpKf2EQs4dKIwhgfnQtcRbab","2023-11-24 00:34:10","2023-11-24 00:35:24","2023-11-24 00:35:25","","2023-11-24 00:34:10","No","Concerned","Not_Bothered","often","electricity","2023-11-24 00:34:36","1957","female","","white","","college_some","inc_20to50","23111","","2023-11-24 00:35:15","681346","2023-11-24 00:35:25"
"79BDXEB8BaH35LOt8C9litu0Dzd53oo94sidhGPR2wMhJT7SZsz__CDUCcZse005","2023-11-24 00:34:25","2023-11-24 00:36:31","2023-11-24 00:36:31","","2023-11-24 00:34:25","Yes","Not_Bothered","Neutral","sometimes","electricity","2023-11-24 00:35:08","1954","female","","white","","degree_associate","inc_50to100","85308","","2023-11-24 00:36:02","261165","2023-11-24 00:36:31"
"CiEXCUo8sgBQIadthkUhkN1Fk1Sswn_6ZczozBAzV91A134Vk0E9DlpmDH2jtKkV","2023-11-24 00:34:36","2023-11-24 00:36:20","2023-11-24 00:36:20","","2023-11-24 00:34:37","No","Concerned","Concerned","often","gas","2023-11-24 00:35:05","1974","male","","white, native","","degree_bs","inc_50to100","59808","","2023-11-24 00:36:06","328224","2023-11-24 00:36:20"
"siEJpu6SzOYff4DbUAr_ZNBYgafuAUV_BA4p5Yo-TfluxpduZGjpZSzwJQ9vurt5","2023-11-24 00:34:37","2023-11-24 00:35:14","2023-11-24 00:35:14","","2023-11-24 00:34:37","No","Neutral","Neutral","often","electricity","2023-11-24 00:34:51","1977","female","","asian","","degree_bs","inc_above100","19711","","2023-11-24 00:35:10","830041","2023-11-24 00:35:14"
"F4Wo8PhYxy9Y-uk4BH3kA3zcPDp08WCRGgu2QvMQ9xNzLsqGRd7QcpJ2IR2t-ZEJ","2023-11-24 00:35:32","2023-11-24 00:36:30","2023-11-24 00:36:30","","2023-11-24 00:35:32","Yes","Concerned","Neutral","often","electricity, gas","2023-11-24 00:35:58","1983","female","","white","","degree_bs","inc_50to100","48872","","2023-11-24 00:36:23","605106","2023-11-24 00:36:30"
"uVIsn1ZH8MF6HpK8A5CSZSpgwVTNh08EN89gygx1PASTz0mnlnRe6-LuD6arILVj","2023-11-24 00:35:35","2023-11-24 00:36:42","2023-11-24 00:36:42","","2023-11-24 00:35:35","No","Not_Bothered","Neutral","often","electricity, gas","2023-11-24 00:36:04","1953","male","","white","","degree_bs","inc_50to100","90066","","2023-11-24 00:36:35","421841","2023-11-24 00:36:42"
"W6TMs-tmSCvwq-0Wbfk4FfBo8m0IHfy2WDWFjRsW3idEVKuMd0qD1ZgbpFEcqGF-","2023-11-24 00:35:38","2023-11-24 00:36:41","2023-11-24 00:36:41","","2023-11-24 00:35:38","Yes","Not_Bothered","Neutral","often","electricity, gas","2023-11-24 00:36:01","1989","genderNonconform","","white","","hs","inc_50to100","49009","","2023-11-24 00:36:34","534533","2023-11-24 00:36:41"
"LRdWXyELgakY4qTIS8cPuYr-DRS_5aCe1i2HLl3Tv_Io0BNexlL5RN0_7TgDVVhE","2023-11-24 00:36:40","2023-11-24 00:37:46","2023-11-24 00:37:46","","2023-11-24 00:36:40","No","Not_Bothered","Not_Bothered","sometimes","electricity, gas","2023-11-24 00:37:00","1981","female","","white","","degree_associate","inc_50to100","24739","","2023-11-24 00:37:39","380274","2023-11-24 00:37:46"
"9cAKlZMvLC7PL7oyEvgycPJGzIXYt9WyrhajB_huh0Aqb4DRluu4A_kfJTLIC5cQ","2023-11-24 00:37:32","2023-11-24 00:38:45","2023-11-24 00:38:47","","2023-11-24 00:37:32","No","Concerned","Neutral","often","electricity","2023-11-24 00:37:51","1968","female","","white","","college_some","inc_50to100","32738","","2023-11-24 00:38:35","650720","2023-11-24 00:38:47"
"b4HqhIwMU6nEqUITL8SEyjL-udJNZirak23t3zSmes8V6rVAUI8jHuhizvkJaRGt","2023-11-24 00:37:43","2023-11-24 00:39:06","2023-11-24 00:39:08","","2023-11-24 00:37:44","Yes","Not_Bothered","Not_Bothered","often","electricity, gas","2023-11-24 00:38:16","1965","male","","white","","degree_grad","inc_above100","29229","","2023-11-24 00:38:56","984171","2023-11-24 00:39:07"
"OGdYRcVvDNIQUgZkbAXcu9_bC0e144kcdgaWRndN4-nz4_XKMd3oj2W0wIekVtva","2023-11-24 00:38:25","2023-11-24 00:39:58","2023-11-24 00:40:00","","2023-11-24 00:38:26","No","Not_Bothered","Not_Bothered","often","electricity, gas","2023-11-24 00:38:49","1971","male","","white","","degree_bs","inc_50to100","81520","","2023-11-24 00:39:24","844436","2023-11-24 00:40:00"
"jt5C_-6NYkTS5-kwkiJ2HWspAoXz8r4oqD-5k7X-8qOo953qvAvZRuZVeI_CPhVv","2023-11-24 00:38:27","2023-11-24 00:39:58","2023-11-24 00:39:59","","2023-11-24 00:38:29","No","Concerned","Neutral","often","electricity","2023-11-24 00:38:51","1974","female","WA","asian, black","WA","degree_bs","inc_above100","98001","","2023-11-24 00:39:48","167064","2023-11-24 00:39:59"
"P2uj6Gz4e3g4N3ivbpbZdT4Srb5EP7n96mVUSyV2xlQYAide4B5Hx2kZeEmVpAsz","2023-11-24 00:38:29","2023-11-24 00:39:37","2023-11-24 00:39:39","","2023-11-24 00:38:31","Yes","Neutral","Neutral","sometimes","electricity","2023-11-24 00:38:46","1972","female","","white","","degree_bs","inc_50to100","28150","","2023-11-24 00:39:23","853614","2023-11-24 00:39:39"
"MxV2cptYneOOcfVsYuT-moJY_l0gwEchr7v7PCnYN2qmHt23cCNskWXvloG7dtfp","2023-11-24 00:38:44","2023-11-24 00:39:53","2023-11-24 00:39:54","","2023-11-24 00:38:45","Yes","Neutral","Concerned","often","electricity, gas","2023-11-24 00:39:13","1955","male","","white","","degree_bs","inc_above100","53575","","2023-11-24 00:39:38","871164","2023-11-24 00:39:54"
"8lfF4CxPZfzaHvkLZaV0bjgfeW0A10mX6Mr9i7T0VZ1I4332F-W_9mdNRnYui1yC","2023-11-24 00:38:50","2023-11-24 00:40:47","2023-11-24 00:40:48","","2023-11-24 00:38:51","not_aware","Not_Bothered","Not_Bothered","often","electricity","2023-11-24 00:39:30","1971","male","","white","","degree_bs","inc_20to50","32246","","2023-11-24 00:40:34","597148","2023-11-24 00:40:48"
"0jEaK7CPJ2Rt9-yKCvF1XmHOFAucNTizKQLXx9SYcA_ejEmdWj8E8mInYMogAul4","2023-11-24 00:39:18","2023-11-24 00:40:12","2023-11-24 00:40:13","","2023-11-24 00:39:20","No","Concerned","Concerned","often","electricity, gas","2023-11-24 00:39:36","1982","male","","white","","college_some","inc_50to100","18706","","2023-11-24 00:40:07","360166","2023-11-24 00:40:13"
"u1J5pageZXkp8wAURa5BwzdLxMQMqDhsXkKR3CR1MXl1y7n1pStly4HFCmW3ZLJy","2023-11-24 00:39:50","2023-11-24 00:40:59","2023-11-24 00:41:01","","2023-11-24 00:39:52","Yes","Not_Bothered","Neutral","often","electricity, gas","2023-11-24 00:40:07","1959","female","","white","","degree_bs","inc_20to50","27603","","2023-11-24 00:40:40","727106","2023-11-24 00:41:01"
"uAlfxiehFahvzc7g3_qt9SPInMS3U5PP8SFNhksgqlDNX38X1rURbjGu3fEi65tw","2023-11-24 00:39:54","2023-11-24 00:40:45","2023-11-24 00:40:46","","2023-11-24 00:39:55","No","Not_Bothered","Not_Bothered","sometimes","electricity","2023-11-24 00:40:15","1981","male","","white","","vocational","inc_50to100","45805","","2023-11-24 00:40:33","681253","2023-11-24 00:40:46"
"AZ72woSBs12r5CpapqhswBZwpCl5kzzeB5hXIj4-4AyvRJB5pgWqfoFmEZE5sz4_","2023-11-24 00:40:06","2023-11-24 00:41:05","2023-11-24 00:41:07","","2023-11-24 00:40:08","No","Neutral","Neutral","sometimes","electricity, gas","2023-11-24 00:40:29","1979","transMale","","white","","degree_associate","inc_10to20","60102","","2023-11-24 00:40:59","140794","2023-11-24 00:41:07"
"Y0xW4hyRVxR5DrfOcuxO54d68A6Dww0jj6elZ37VuDv3MzXVSye87-d7GH6k73Am","2023-11-24 00:40:29","2023-11-24 00:41:28","2023-11-24 00:41:29","","2023-11-24 00:40:30","not_aware","Concerned","Not_Bothered","sometimes","electricity","2023-11-24 00:40:51","1977","female","","white","","degree_bs","inc_50to100","97103","","2023-11-24 00:41:20","450804","2023-11-24 00:41:29"
"Vvs_sZTW3V8FqxhGKg9k8VRJQtDCE3zfqqOR3guKGe37jWldFZt8v5lkZZ5s7nbW","2023-11-24 00:40:29","2023-11-24 00:41:36","2023-11-24 00:41:38","","2023-11-24 00:40:31","No","Concerned","Concerned","often","electricity","2023-11-24 00:40:47","1992","female","","white","","degree_grad","inc_above100","32311","None, thank you for your time and effort :)","2023-11-24 00:41:31","845376","2023-11-24 00:41:38"
"qXmCqn7wkjZQdZrPVHj-TAS52iIEZmKKa-7WIDyUBGs2-PmO4xa8cv6swba8q4HH","2023-11-24 00:41:17","2023-11-24 00:44:16","2023-11-24 00:44:17","","2023-11-24 00:41:19","No","Neutral","Concerned","often","electricity","2023-11-24 00:41:54","1974","male","","black","","degree_bs","inc_above100","33629","","2023-11-24 00:44:10","843826","2023-11-24 00:44:17"
"pZBgm5PBGmu9H1qeogxC4CcIKKMYkvF4knjbtYWHnKCteo99dUKTnhuy9E7giWwc","2023-11-24 00:41:28","2023-11-24 00:42:31","2023-11-24 00:42:33","","2023-11-24 00:41:29","Yes","Neutral","Neutral","sometimes","electricity","2023-11-24 00:41:53","1965","male","Ohio","white","","degree_grad","inc_above100","44012","","2023-11-24 00:42:26","555119","2023-11-24 00:42:33"
"B92OAOKKUzb-KAPTAwmnNsyEPu4hspbOiBujpGB1Si5d_vByU6QRDhvzIqKZPygR","2023-11-24 00:41:39","2023-11-24 00:42:37","2023-11-24 00:42:39","","2023-11-24 00:41:41","No","Concerned","Concerned","often","electricity, gas","2023-11-24 00:42:03","1990","genderNonconform","","white","","college_some","inc_10to20","48036","","2023-11-24 00:42:28","272964","2023-11-24 00:42:39"
"WCQdXwZ0J3jB4vT1Cw0cYa3h4iV_CmIBJcupVFtYZhhns3yi4_JNteeJed0KFnd0","2023-11-24 00:41:48","2023-11-24 00:42:52","2023-11-24 00:42:53","","2023-11-24 00:41:50","No","Neutral","Neutral","sometimes","electricity","2023-11-24 00:42:15","1970","male","","white","","college_some","inc_50to100","46176","","2023-11-24 00:42:45","137117","2023-11-24 00:42:53"
"Qx-MoFN5Q9RjhlkrmcE5Z3hXaAm8ZhlExvVZ6hHYiRoCCeZK2uGApIen5UzGZtc3","2023-11-24 00:41:54","2023-11-24 00:42:48","2023-11-24 00:42:49","","2023-11-24 00:41:55","No","Concerned","Concerned","often","electricity, gas","2023-11-24 00:42:17","1993","female","","white","","degree_bs","inc_50to100","27203","","2023-11-24 00:42:42","688201","2023-11-24 00:42:49"
"zIl8mNYo3YN_iIbt33ij9ogtvNi9b4j9PeFW6mQqnyplfRoqF3buzDiMiOuQhC15","2023-11-24 00:42:13","2023-11-24 00:43:50","2023-11-24 00:43:51","","2023-11-24 00:42:15","No","Not_Bothered","Concerned","often","electricity","2023-11-24 00:43:08","1988","male","","white, hispanic","","degree_bs","inc_50to100","30028","","2023-11-24 00:43:39","323830","2023-11-24 00:43:51"
"6ZQ6z79iCVkJWnfYzoTnFc5FM03x1npem8IjtoABnlYVK3K8KxEIFco9xvmIuxaV","2023-11-24 00:42:15","2023-11-24 00:43:02","2023-11-24 00:43:04","","2023-11-24 00:42:17","Yes","Not_Bothered","Neutral","often","electricity, gas","2023-11-24 00:42:35","1985","female","","white","","degree_bs","inc_50to100","52403","","2023-11-24 00:42:58","483436","2023-11-24 00:43:03"
"XVAybRJ7aG5S70w83AehssVdknQepFxojQrUa6B88dNIlj9Qe_CUQ1ahWPuq_dOa","2023-11-24 00:42:21","2023-11-24 00:43:55","2023-11-24 00:43:57","","2023-11-24 00:42:22","No","Not_Bothered","Not_Bothered","often","electricity, gas","2023-11-24 00:42:44","1972","female","","white","","degree_bs","inc_50to100","61360","n/a","2023-11-24 00:43:29","232898","2023-11-24 00:43:57"
"_-k7yTkY_tUwYFFtm1JoSppHds8mKOak30NhS3YDwClxFSXdysm2DhwS_j3qxuhz","2023-11-24 00:44:03","2023-11-24 00:45:29","2023-11-24 00:45:31","","2023-11-24 00:44:04","Yes","Concerned","Concerned","often","electricity","2023-11-24 00:44:41","1961","male","","white","","degree_bs","inc_20to50","59901","","2023-11-24 00:45:22","660744","2023-11-24 00:45:31"
"Y7ozolWkdsW_hCAyv2tPj_xuVCGyAhTdkVDt63ozsaajHY2woUxp5esrl5KIEHbm","2023-11-24 00:44:19","2023-11-24 00:45:48","2023-11-24 00:45:50","","2023-11-24 00:44:20","No","Neutral","Neutral","sometimes","gas","2023-11-24 00:45:03","1995","male","","white","","degree_associate","inc_50to100","61610","","2023-11-24 00:45:44","526249","2023-11-24 00:45:50"
"MxWe_cUcn_R1LX15FiQnjzRYGfLqV9S3v3WhuReqOb7haLGufgcmYReG5xjDEDhs","2023-11-24 00:44:52","2023-11-24 00:45:34","2023-11-24 00:45:36","","2023-11-24 00:44:54","No","Concerned","Concerned","sometimes","electricity, gas","2023-11-24 00:45:04","1992","female","","white","","degree_associate","inc_20to50","63028","","2023-11-24 00:45:25","974485","2023-11-24 00:45:36"
"02A7P11P_8yD-2J3cIlpLHRVOrEc1HQstuA5ruJvWJ_ON_ERqicdhfhxgP_80qzs","2023-11-24 00:46:47","2023-11-24 00:47:49","2023-11-24 00:47:50","","2023-11-24 00:46:49","Yes","Not_Bothered","Not_Bothered","sometimes","electricity","2023-11-24 00:47:13","1981","male","","white","","college_some","inc_20to50","93241","","2023-11-24 00:47:42","539598","2023-11-24 00:47:50"
"DSEsXTCh-UiuPrhFoAWWsq6iBc_VX3kq2-zAvdKh6SH0kmKJzGjZTH5P2LKp37KP","2023-11-24 00:47:13","2023-11-24 00:48:34","","","2023-11-24 00:47:15","Yes","Concerned","Neutral","often","electricity","2023-11-24 00:47:43","1996","male","","black","","degree_grad","inc_20to50","10001","","2023-11-24 00:48:35","199505",""
"4D8KVOMZBXs6O4Jvw8tE0F8MUqpfqTAiKxgnoKE8h7gLi9DK4drdB9WO8qj7R9V3","2023-11-24 00:48:23","2023-11-24 00:52:07","2023-11-24 00:52:09","","2023-11-24 00:48:25","No","Concerned","Concerned","sometimes","electricity","2023-11-24 00:49:01","1973","male","","black","","degree_associate","inc_50to100","20149","","2023-11-24 00:51:56","303946","2023-11-24 00:52:09"
"6-dAVrIv3KMudWTdS1Utu_XzoVgqSUNCFWQvD3aN6H_9BpEycw8AbE0Q9lj-FL7o","2023-11-24 00:48:31","2023-11-24 00:55:11","2023-11-24 00:55:12","","2023-11-24 00:48:33","No","Neutral","Not_Bothered","sometimes","electricity, gas","2023-11-24 00:53:34","1974","male","","black","","degree_grad","inc_above100","78254","","2023-11-24 00:55:05","402662","2023-11-24 00:55:12"
"o_3oqT4r959maQRUIYShJfG_M0wnKss_6zOS0IHYzM5--AOHvMCoR-aPTgAy_z2E","2023-11-24 00:48:46","2023-11-24 00:50:40","2023-11-24 00:50:41","","2023-11-24 00:48:47","Yes","Neutral","Neutral","often","electricity, gas","2023-11-24 00:49:19","1957","male","","white","","degree_bs","inc_50to100","93010","I've used all three, gas cooks the most evenly.","2023-11-24 00:50:33","318263","2023-11-24 00:50:41"
"gasnQ0RFHgwVKR5YSNMvHAlLYBsRmxDTlB_5lH-zElLu4bOncEWeRWXTxALMpIFi","2023-11-24 00:49:27","2023-11-24 00:50:23","2023-11-24 00:50:24","","2023-11-24 00:49:29","not_aware","Not_Bothered","Not_Bothered","sometimes","electricity","2023-11-24 00:49:50","1980","male","","white","","hs","inc_20to50","45011","","2023-11-24 00:50:13","860238","2023-11-24 00:50:24"
"28VZgfb611VTn5yI4FXpSljZjXc4eFu6Cq33VckIt5ZKyk3_VWk2WR-CKOrnXsmg","2023-11-24 00:49:30","2023-11-24 00:51:06","2023-11-24 00:51:07","","2023-11-24 00:49:32","No","Concerned","Neutral","often","electricity, gas","2023-11-24 00:50:20","1989","male","","black","","degree_bs","inc_50to100","48509","none.","2023-11-24 00:50:48","504956","2023-11-24 00:51:07"
"rWZfleKUYvZmUAw0hkD5uqEnH-YTC8VWvKt1mWiK0ZEXio_dlVNSWtBA97E_mBt0","2023-11-24 00:49:53","2023-11-24 00:51:01","2023-11-24 00:51:02","","2023-11-24 00:49:55","No","Concerned","Concerned","sometimes","electricity, gas","2023-11-24 00:50:07","1985","male","","black","","degree_bs","inc_20to50","70601","","2023-11-24 00:50:34","616050","2023-11-24 00:51:02"
"s5LEdoeZyLZsHgEMWhA65mwmi8cw_tKI1zDG-SxD9UQ6ezQwbvzfTxvzjw9bVKrW","2023-11-24 00:50:31","2023-11-24 00:51:59","2023-11-24 00:52:01","","2023-11-24 00:50:32","Yes","Not_Bothered","Not_Bothered","sometimes","electricity","2023-11-24 00:51:13","1992","male","","white","","degree_bs","inc_50to100","35803","","2023-11-24 00:51:41","653170","2023-11-24 00:52:00"
"q2AXcr0SZfh-zlOSHBkY6FnvyvdOpNp1O3ZeBgRmQlhG_RIB6NYDcOtyTedk4r6l","2023-11-24 00:50:31","2023-11-24 00:52:45","2023-11-24 00:52:47","","2023-11-24 00:50:33","not_aware","Neutral","Neutral","sometimes","electricity, gas","2023-11-24 00:50:59","1965","female","","white","","degree_associate","inc_50to100","08753","","2023-11-24 00:51:57","827323","2023-11-24 00:52:46"
"UP5qGeehXzSLkm3olzyXUXS_YmD94-AWyZ_wnxMVcDOaSB0yFqGsigJeCRR1BSKv","2023-11-24 00:50:43","2023-11-24 00:51:55","2023-11-24 00:51:57","","2023-11-24 00:50:45","No","Neutral","Concerned","often","electricity","2023-11-24 00:51:03","1982","male","","white","","hs","inc_50to100","40069","","2023-11-24 00:51:50","559237","2023-11-24 00:51:56"
"HxlIFFFRpZzozorv1aqCAW7Zaqpu9aNKyvHZeQO4PP-UkylGOqQdmnMY531RBp9D","2023-11-24 00:50:58","2023-11-24 00:51:51","2023-11-24 00:51:52","","2023-11-24 00:51:00","Yes","Neutral","Concerned","often","electricity, gas","2023-11-24 00:51:21","1991","female","","white","","degree_bs","inc_50to100","52003","","2023-11-24 00:51:47","714832","2023-11-24 00:51:52"
"qGfn7aKpLSIrap6oZmyyiRV8uSzViLtYzSXmmimV1kVBEoMu58063RMg3BAaoF9I","2023-11-24 00:51:28","2023-11-24 00:52:27","2023-11-24 00:52:30","","2023-11-24 00:51:29","No","Neutral","Concerned","often","electricity","2023-11-24 00:51:51","1983","male","","asian","","vocational","inc_above100","55104","","2023-11-24 00:52:21","767870","2023-11-24 00:52:29"
"FI5ZGFK3BYAX0XhmcSFLrkzGIx-g4YGGyFY1dQBMqHryfQsFjOEgnoMkWrDLoCFL","2023-11-24 00:51:39","2023-11-24 00:52:28","2023-11-24 00:52:30","","2023-11-24 00:51:40","No","Not_Bothered","Not_Bothered","sometimes","electricity, gas","2023-11-24 00:51:55","1991","male","","black, hispanic","","degree_bs","inc_50to100","11201","","2023-11-24 00:52:23","862542","2023-11-24 00:52:30"
"S_eUC-mySqXIiP4j6q9VKtfAez-i5Ep9i5PmLwYRE3wR0Ql7cKkDeAh_DkuNWAIb","2023-11-24 00:52:07","2023-11-24 00:53:29","2023-11-24 00:53:31","","2023-11-24 00:52:08","No","Neutral","Concerned","sometimes","electricity","2023-11-24 00:52:27","1982","male","41","white, pacific","Male","degree_associate","inc_20to50","32159","","2023-11-24 00:53:26","672528","2023-11-24 00:53:31"
"ZXGmxc3kLXWVnC2zmuZQL89eXp5dCynAAfOJxiLPkCZXx_lrSGNGkRQMmNSiIlRe","2023-11-24 00:52:12","2023-11-24 00:53:54","2023-11-24 00:53:56","","2023-11-24 00:52:13","No","Concerned","Not_Bothered","often","electricity, gas","2023-11-24 00:52:52","1962","male","","white","","degree_bs","inc_50to100","87008","","2023-11-24 00:53:31","234119","2023-11-24 00:53:55"
"W-r1UJlMWLkJITmuaMH0U6rH8mA7XTsDWr6JxX2tksDUgWdRmFV0V0HvcvBVTjRF","2023-11-24 00:52:22","2023-11-24 00:53:40","2023-11-24 00:53:41","","2023-11-24 00:52:23","not_aware","Neutral","Concerned","sometimes","electricity, gas","2023-11-24 00:52:55","1969","female","","white","","degree_bs","inc_50to100","53555","","2023-11-24 00:53:28","886707","2023-11-24 00:53:41"
"t_8klaoFBxxSYssI3gPI1GZt4yXkLZokznLQhTUNNnGJ3NkwZkpeGX2PhT5v7n1i","2023-11-24 00:52:29","2023-11-24 00:53:21","2023-11-24 00:53:22","","2023-11-24 00:52:30","No","Not_Bothered","Neutral","often","electricity, gas","2023-11-24 00:52:51","1988","male","","white","","degree_associate","inc_50to100","","","2023-11-24 00:53:16","898633","2023-11-24 00:53:22"
"qb9k2hSpVqjGD59sbqfSmiQRGRL0fnJiyEDw9npes4zkwCCn4FXqCbeV3gXyc9Nl","2023-11-24 00:52:49","2023-11-24 00:54:12","2023-11-24 00:54:13","","2023-11-24 00:52:51","Yes","Not_Bothered","Not_Bothered","often","electricity","2023-11-24 00:53:10","1991","male","","hispanic","","college_some","inc_50to100","33897","","2023-11-24 00:53:52","865085","2023-11-24 00:54:13"
"ffPOgpTqiiTK9K9wQXWBqRGZZDJxlPKW_vpltMLM26Jsy5zsSrXxhp37ZWWG1SqF","2023-11-24 00:53:00","2023-11-24 00:53:50","2023-11-24 00:53:51","","2023-11-24 00:53:01","No","Concerned","Not_Bothered","often","gas","2023-11-24 00:53:17","1970","male","NY","white","","degree_bs","inc_above100","10011","","2023-11-24 00:53:41","492103","2023-11-24 00:53:51"
"9Aji66ujxFGhQA1J_zOYRxmG30n17Ey80stLfZwO3ZC33AE4YwJ8-z9YuHrXyYij","2023-11-24 00:53:43","2023-11-24 01:01:04","2023-11-24 01:01:05","","2023-11-24 00:53:45","No","Neutral","Not_Bothered","sometimes","electricity, gas","2023-11-24 00:58:19","1985","male","","white","","degree_bs","inc_50to100","06040","","2023-11-24 01:00:59","769935","2023-11-24 01:01:05"
"G9soskX1Pm5Pv7lsiiswStDA5zQmBRwd1GRmKfPRRn2WxaG5UOoTtqSb5vn21kEC","2023-11-24 00:54:23","2023-11-24 01:08:06","2023-11-24 01:08:06","","2023-11-24 00:54:25","Yes","Not_Bothered","Not_Bothered","sometimes","electricity, gas","2023-11-24 00:54:44","1976","male","","white","","degree_associate","inc_50to100","18704","","2023-11-24 00:55:22","566643","2023-11-24 01:08:06"
"Pl5Z4my-deYMLJSGXMVy83KXTJwi7rlrhLJMzQ9tiE9XE1DTMo3LboDcls9npvhw","2023-11-24 00:55:06","2023-11-24 00:57:36","2023-11-24 00:57:37","","2023-11-24 00:55:08","Yes","Concerned","Concerned","often","electricity, gas","2023-11-24 00:55:34","1972","male","","black","","degree_bs","inc_above100","92117","","2023-11-24 00:57:12","282204","2023-11-24 00:57:37"
"w8l2UVA7Kz0MAqY5cA12cQHDgMpq9ew8CduUkVgyToJwUyLSj_R4Q-8-Okj5M5SB","2023-11-24 00:55:32","2023-11-24 00:56:57","","","2023-11-24 00:55:33","No","Neutral","Concerned","often","gas","2023-11-24 00:55:57","1952","female","","black","","degree_grad","inc_above100","20149","","2023-11-24 00:56:59","761830",""
"U0-_RbJT6klskyHGiEMQoCllWg8fKrvEzgOb1zWqdIq4SjLx6SrqxwRXYJcYDQe6","2023-11-24 00:57:03","2023-11-24 00:58:15","2023-11-24 00:58:16","","2023-11-24 00:57:04","No","Concerned","Neutral","often","electricity","2023-11-24 00:57:39","1973","male","","asian","","degree_bs","inc_50to100","94579","","2023-11-24 00:58:06","319999","2023-11-24 00:58:16"
"LS-uG3RGf6CY2D1YoKEBYOJq9j6RzOUnchgDb3oZoji_C9Cdm5NqsE5nIZ8wiwoT","2023-11-24 01:01:04","2023-11-24 01:06:01","2023-11-24 01:06:01","","2023-11-24 01:01:06","not_aware","Not_Bothered","Not_Bothered","sometimes","electricity","2023-11-24 01:01:25","1956","male","Connecticut","white","","degree_grad","inc_50to100","06877","","2023-11-24 01:04:25","376968","2023-11-24 01:06:01"
